"","score_threshold_RLCP","score_threshold_calLCP","score_threshold_baseLCP","score_threshold_RLCP","score_threshold_calLCP","score_threshold_baseLCP"
"1",-0.423462633330133,0.522273560539735,0.0928857923999239,-2.56855031127819,-3.51428650514806,-3.08489873700824
"2",-0.424203894139924,0.527244291045985,0.0564234797218732,-2.55782484510028,-3.50927303028619,-3.03845221896207
"3",-0.429652418750446,0.532216897695502,0.019546693846012,-2.54239211512164,-3.50426143156759,-2.9915912277181
"4",-0.439649512123862,0.537200837365747,-0.0170910943939835,-2.5224108163801,-3.49926116586971,-2.94496923410998
"5",-0.454036479222338,0.542205566934183,-0.0528364141644441,-2.49803964391351,-3.49428169007003,-2.8992397089714
"6",-0.47238865603692,0.547240728122255,-0.0870815147219674,-2.46970326173081,-3.48933264588998,-2.85501040304576
"7",-0.49321750267419,0.552316702027348,-0.119401525684253,-2.43889020972542,-3.48442441442696,-2.81270618671536
"8",-0.514768510269606,0.557444054590829,-0.149417296759268,-2.40735499676189,-3.47956756162232,-2.77270621027222
"9",-0.535287169958632,0.562633351754068,-0.176749677654986,-2.37685213170474,-3.47477265341744,-2.73538962400839
"10",-0.55301897287673,0.567895159458432,-0.201019518079374,-2.34913612341853,-3.47005025575369,-2.70113557821588
"11",-0.566591650679156,0.573237953520536,-0.221924434358114,-2.32557924024798,-3.46540884444767,-2.67024645656902
"12",-0.576161897100348,0.578661849257974,-0.239469109287722,-2.30602478845867,-3.46084853481699,-2.6427175762713
"13",-0.58226864639454,0.584164871863589,-0.253734992282427,-2.28993383379636,-3.45636735205449,-2.61846748790847
"14",-0.585450832815964,0.58974504653022,-0.264803532756455,-2.27676744200682,-3.451963321353,-2.59741474206633
"15",-0.586247390618853,0.59540039845071,-0.272756180124034,-2.26598667883581,-3.44763446790537,-2.57947788933063
"16",-0.58532752656141,0.601059516262132,-0.277895562703591,-2.25692233752513,-3.44330938034867,-2.56435430138295
"17",-0.583881537417714,0.606373242378496,-0.28140902443035,-2.24838412130071,-3.43863890109692,-2.55085663428807
"18",-0.583229992465816,0.610922982658045,-0.284705088143736,-2.23905146088449,-3.43320443600835,-2.53757636520657
"19",-0.584693460983764,0.614290142959021,-0.289192276683174,-2.22760378699842,-3.42658739094121,-2.52310497129901
"20",-0.589592512249607,0.616056129139667,-0.296279112888088,-2.21272053036446,-3.41836917175373,-2.50603392972598
"21",-0.598810866014952,0.615887913586309,-0.307058871368043,-2.193517971231,-3.40821675083226,-2.48526996587791
"22",-0.611484843925627,0.613794734797602,-0.321363833813164,-2.1708597879522,-3.39613936667543,-2.46098079806467
"23",-0.626313918101018,0.609871397800283,-0.338711033683717,-2.14604650840869,-3.38223182430999,-2.43364939282599
"24",-0.64199756066051,0.604212707621089,-0.358617504439966,-2.12037866048108,-3.36658892876268,-2.40375871670163
"25",-0.65723524372349,0.596913469286759,-0.38060027954218,-2.09515677204999,-3.34930548506023,-2.37179173623129
"26",-0.670998986476543,0.588062756233657,-0.404102112104862,-2.07140882392881,-3.33047056663901,-2.33830569830049
"27",-0.683350996375066,0.577726715536653,-0.428268633859482,-2.04907260866217,-3.31015032057389,-2.30415497117776
"28",-0.694626027941657,0.565965762680246,-0.45217119619175,-2.02781337172746,-3.28840516234936,-2.27026820347737
"29",-0.705158835698915,0.552840313148934,-0.474881150487375,-2.00729635860209,-3.26529550744993,-2.23757404381362
"30",-0.715284174169437,0.538410782427215,-0.495469848132065,-1.98718681476344,-3.24088177136009,-2.20700114080082
"31",-0.725304063548822,0.52277598831317,-0.513526364994085,-1.96718272001594,-3.21526277187793,-2.17896041857068
"32",-0.735389586724677,0.506188357859212,-0.530710674871924,-1.94711299147197,-3.18869093605586,-2.15179190332472
"33",-0.745679092257607,0.48893872043134,-0.54920047604662,-1.92683928057092,-3.16145709325987,-2.1233178967819
"34",-0.756310928708218,0.47131790539555,-0.571173466799218,-1.90622323875219,-3.13385207285596,-2.09136070066119
"35",-0.76746311700731,0.453394373320729,-0.598029939040949,-1.88508684508498,-3.10594433541302,-2.05452002305134
"36",-0.779472367566466,0.434347109587316,-0.62806055920382,-1.8630933891577,-3.07691286631148,-2.01450519752035
"37",-0.792715063167458,0.413132730778645,-0.658778587350025,-1.83986648818859,-3.0457142821347,-1.97380296400602
"38",-0.807567586592062,0.388707853478043,-0.687697283541763,-1.81502975939587,-3.01130519946597,-1.93490006244617
"39",-0.824406320622053,0.360029094268843,-0.712329907841228,-1.78820681999776,-2.97264223488866,-1.90028323277858
"40",-0.843313189843074,0.326280930352484,-0.730840391480603,-1.75931574540862,-2.92890986560418,-1.87178854377109
"41",-0.863192286056239,0.287559281402855,-0.743995350371998,-1.72945244382734,-2.88020401128643,-1.84864937951158
"42",-0.882653242866532,0.244187927711948,-0.753212071597513,-1.70000728164892,-2.8268484522274,-1.82944845291794
"43",-0.900305693878935,0.196490649571765,-0.759907842239242,-1.6723706252684,-2.7691669687191,-1.8127684769081
"44",-0.914759272698431,0.144791227274298,-0.765499949379283,-1.64793284108079,-2.70748334105352,-1.79719216439993
"45",-0.925001945959359,0.0894655134700348,-0.771238276509626,-1.62770596245174,-2.64217342188113,-1.78146963190147
"46",-0.931535012413487,0.0310976502434015,-0.777703092761832,-1.61118869062949,-2.57382135328638,-1.76502061028115
"47",-0.935238103841937,-0.0296761479626785,-0.785307263677358,-1.59750139383293,-2.50306334971218,-1.7474322339975
"48",-0.936990852025833,-0.0922196667052924,-0.794463654797659,-1.58576444028091,-2.43053562560145,-1.72829163750908
"49",-0.937672888746298,-0.155896691541517,-0.805585131664189,-1.57509819819233,-2.35687439539711,-1.70718595527443
"50",-0.937992448699829,-0.219979496949301,-0.81882504550375,-1.56479443287068,-2.2828073846212,-1.68396183606675
"51",-0.937972178244415,-0.283374313090027,-0.833298690284523,-1.55483049795797,-2.20942836311236,-1.65950398591786
"52",-0.937463326653421,-0.34489585904595,-0.847861845660036,-1.54535514418085,-2.13792261178832,-1.63495662517423
"53",-0.936317143200207,-0.403358853899324,-0.861370291283815,-1.53651712226594,-2.06947541156683,-1.61146397418233
"54",-0.934384877158137,-0.457578016732394,-0.872679806809387,-1.52846518293989,-2.00527204336564,-1.59017025328864
"55",-0.93158092564295,-0.506633814658107,-0.880923433974902,-1.52128492908696,-1.9462320400718,-1.57194242075501
"56",-0.928072277139887,-0.550669706912193,-0.886343262856992,-1.51480937222191,-1.8922119424496,-1.5565383865048
"57",-0.924089067976564,-0.59009490076108,-0.889458645616917,-1.50880837601711,-1.84280254323259,-1.54343879837676
"58",-0.919861434480597,-0.62531860347119,-0.89078893441593,-1.50305180414496,-1.79759463515437,-1.53212430420963
"59",-0.915619512979604,-0.656750022308947,-0.890853481415288,-1.49730952027783,-1.75617901094849,-1.52207555184215
"60",-0.91152650510414,-0.684784392993831,-0.89009925189834,-1.49141832278518,-1.71816043489549,-1.51284557599098
"61",-0.907477873696516,-0.70976106505754,-0.888683663636804,-1.48548274882468,-1.68319955746366,-1.50427695888439
"62",-0.903302146901986,-0.732005416484821,-0.88669174752449,-1.47967427025109,-1.65097100066826,-1.49628466962859
"63",-0.898827852865799,-0.751842825260428,-0.884208534455209,-1.47416435891916,-1.62114938652453,-1.48878367732975
"64",-0.893920784023227,-0.769518314401352,-0.881302605463139,-1.46908722239362,-1.59348969201549,-1.4817054009537
"65",-0.888595789969618,-0.784955487053566,-0.877976742143941,-1.46442801107911,-1.56806831399516,-1.47504705890478
"66",-0.882904984590344,-0.797997591395283,-0.874217276233642,-1.46013461109026,-1.54504200428532,-1.46882231944696
"67",-0.87690048177077,-0.808487875604718,-0.870010539468271,-1.45615490854172,-1.52456751470777,-1.46304485084422
"68",-0.870634395396268,-0.816269587860086,-0.865342863583856,-1.4524367895481,-1.50680159708428,-1.45772832136051
"69",-0.864156079927652,-0.821254319209278,-0.86020747805138,-1.4489308996486,-1.49183266036697,-1.45287950152487
"70",-0.857503852127528,-0.823627032178894,-0.854625203281638,-1.4455989220806,-1.47947574202924,-1.44847757092649
"71",-0.850713269333947,-0.82364103216521,-0.84862375742038,-1.44240529950606,-1.4694775366748,-1.44449481141963
"72",-0.843819888884962,-0.821549624564501,-0.842230858613357,-1.43931447458693,-1.46158473890739,-1.44090350485854
"73",-0.836859268118625,-0.817606114773046,-0.835474225006319,-1.43629088998515,-1.45554404333073,-1.43767593309746
"74",-0.829862339474958,-0.812079741988512,-0.828388999843289,-1.4333036132607,-1.45108621074714,-1.43477695289237
"75",-0.822841535801866,-0.805303480614144,-0.821040026761392,-1.43034021156567,-1.44787826675339,-1.43214172060614
"76",-0.815804665049226,-0.79762623885458,-0.813499574496027,-1.42739287695019,-1.44557130314484,-1.42969796750339
"77",-0.808759535166913,-0.789396924914457,-0.805839911782595,-1.42445380146439,-1.44381641171684,-1.4273734248487
"78",-0.801713954104803,-0.780964446998411,-0.798133307356491,-1.42151517715838,-1.44226468426477,-1.42509582390669
"79",-0.794667862934674,-0.772616726879358,-0.790436852010484,-1.41857706296039,-1.4406281990157,-1.42280807388458
"80",-0.787589735215906,-0.76439774060332,-0.782746924766806,-1.41567098531104,-1.43886297992362,-1.42051379576014
"81",-0.780440177629785,-0.756290477784596,-0.775044726705058,-1.41283633752904,-1.43698603737423,-1.41823178845377
"82",-0.77317979685759,-0.748277928037485,-0.76731145890484,-1.41011251293312,-1.43501438175322,-1.41598085088587
"83",-0.765769199580607,-0.740343080976287,-0.759528322445753,-1.40753890484198,-1.4329650234463,-1.41377978197683
"84",-0.758178806439517,-0.73247514740849,-0.751685326602903,-1.40514509261495,-1.43084875164598,-1.41163857245157
"85",-0.750418293912601,-0.724688222914338,-0.743807713433424,-1.40292139977375,-1.42865147077201,-1.40953198025293
"86",-0.742507152437537,-0.717002624267261,-0.735929533189954,-1.40084833588069,-1.42635286405097,-1.40742595512828
"87",-0.734464872452004,-0.709438668240691,-0.728084836125135,-1.39890641049811,-1.42393261470942,-1.40528644682498
"88",-0.726310944393682,-0.702016671608061,-0.720307672491604,-1.39707613318831,-1.42137040597393,-1.40307940509039
"89",-0.718073694115234,-0.694741050021474,-0.712616479557532,-1.39532917809864,-1.4186618221924,-1.40078639265634
"90",-0.709816789129258,-0.687552614647724,-0.704967242653202,-1.3936018777165,-1.41586605219803,-1.39845142419255
"91",-0.701612732363335,-0.680376275532277,-0.697300334124429,-1.3918217291143,-1.41305818594536,-1.39613412735321
"92",-0.693534026745046,-0.673136942720599,-0.689556126317026,-1.38991622936447,-1.41031331338892,-1.39389412979249
"93",-0.685627446007532,-0.665778521208759,-0.681690146336408,-1.38783860473387,-1.40768752953264,-1.39177590440499
"94",-0.677836847106169,-0.658320895795243,-0.673718540326394,-1.38564499826711,-1.40516094957804,-1.38976330504689
"95",-0.67008035780189,-0.650802946229138,-0.665672609190404,-1.38341728220327,-1.40269469377602,-1.38782503081476
"96",-0.662276105855628,-0.643263552259532,-0.657583653831858,-1.38123732878142,-1.40024988237751,-1.38592978080519
"97",-0.654342219028317,-0.635741593635515,-0.649482975154176,-1.37918701024061,-1.39778763563341,-1.38404625411475
"98",-0.646212236651037,-0.628266070573785,-0.641397232505801,-1.37733278724977,-1.39527895332702,-1.382147791395
"99",-0.637881344335446,-0.620826465161478,-0.633334519015261,-1.37567947419724,-1.39273435337121,-1.38022629951743
"100",-0.62936013926335,-0.613402379953343,-0.625298286256106,-1.37421647390122,-1.39017423321123,-1.37827832690846
"101",-0.620659218616553,-0.605973417504127,-0.617291985801888,-1.3729331891799,-1.38761899029232,-1.37630042199456
"102",-0.61178917957686,-0.598519180368576,-0.609319069226155,-1.37181902285147,-1.38508902205975,-1.37428913320218
"103",-0.60277910932084,-0.59102095124517,-0.601376533419218,-1.37084488773937,-1.38260304581504,-1.37224746364099
"104",-0.593732055004114,-0.583466733407301,-0.593435556538414,-1.36990773668798,-1.38017305828479,-1.37020423515368
"105",-0.58476955377707,-0.575846210272096,-0.585460862057842,-1.36888603254691,-1.37780937605188,-1.36819472426613
"106",-0.576013142790093,-0.568149065256679,-0.577417173451599,-1.36765823816576,-1.37552231569918,-1.36625420750426
"107",-0.567584359193571,-0.560364981778175,-0.569269214193782,-1.36610281639417,-1.37332219380956,-1.36441796139396
"108",-0.559562961450358,-0.552486729796752,-0.560991628636467,-1.36414000876926,-1.37121624042287,-1.36271134158315
"109",-0.551861593273182,-0.544519425444755,-0.552598744643652,-1.36185717157832,-1.36919933940675,-1.36112002020785
"110",-0.544351119687241,-0.536471271397572,-0.54411481095731,-1.35938343979614,-1.36726328808581,-1.35961974852607
"111",-0.53690240571773,-0.528350470330591,-0.535564076319418,-1.35684794839753,-1.36539988378467,-1.35818627779584
"112",-0.529386316389847,-0.5201652249192,-0.526970789471949,-1.3543798323573,-1.36360092382794,-1.35679535927519
"113",-0.521698051093376,-0.511922986538511,-0.518356914687386,-1.35208389228565,-1.36185895684051,-1.35542502869164
"114",-0.513830146676449,-0.503628201362528,-0.50973527836023,-1.34996759133446,-1.36016953664838,-1.35406245965068
"115",-0.505799474351787,-0.495284564264979,-0.501116422415491,-1.348014058291,-1.35852896837781,-1.3526971102273
"116",-0.49762290533211,-0.486895770119592,-0.492510888778178,-1.34620642194256,-1.35693355715508,-1.35131843849649
"117",-0.489317310830139,-0.478465513800095,-0.483929219373298,-1.34452781107641,-1.35537960810645,-1.34991590253325
"118",-0.480890152371088,-0.469999978884275,-0.475378115418986,-1.34297076416734,-1.35386093765416,-1.34848280111945
"119",-0.472311252730145,-0.461515303766154,-0.466848915305875,-1.34156545844017,-1.35236140740416,-1.34702779586444
"120",-0.463541024994995,-0.453030115543815,-0.458329116717727,-1.3403514808072,-1.35086239025838,-1.34556338908447
"121",-0.454539882253321,-0.444563041315339,-0.4498062173383,-1.33936841818075,-1.34934525911874,-1.34410208309578
"122",-0.445291502104333,-0.43612468731905,-0.441268126958462,-1.33863259296162,-1.34779940774691,-1.34265596810749
"123",-0.435872620193346,-0.427693576354242,-0.432704403797516,-1.33806726950449,-1.3462463133436,-1.34123548590032
"124",-0.426383236677202,-0.41924021036045,-0.42410501818187,-1.33757244765252,-1.34471547396927,-1.33985066614785
"125",-0.416923351712744,-0.410735091277212,-0.415459940437935,-1.33704812724886,-1.34323638768439,-1.33851153852366
"126",-0.407592965456812,-0.402148721044062,-0.40675914089212,-1.33639430813667,-1.34183855254942,-1.33722813270136
"127",-0.398471599908926,-0.393461705264756,-0.397993927814723,-1.33553146831644,-1.34054136296061,-1.33600914041064
"128",-0.38955686443931,-0.38469506419992,-0.389160961251596,-1.33446199841793,-1.33932379865732,-1.33485790160565
"129",-0.380825890260867,-0.375879921774402,-0.380258239192479,-1.33320876722826,-1.33815473571472,-1.33377641829665
"130",-0.372255808586499,-0.367047401913047,-0.371283759627111,-1.33179464353451,-1.33700305020796,-1.3327666924939
"131",-0.363823750629106,-0.358228628540701,-0.362235520545232,-1.33024249612378,-1.33583761821219,-1.33183072620766
"132",-0.355502450967702,-0.349455194658989,-0.35312531540936,-1.32857959041707,-1.33462684672578,-1.33095672597541
"133",-0.347247057645734,-0.340760569576643,-0.344020119573129,-1.32685077837092,-1.33333726644001,-1.33007771644352
"134",-0.33900832207276,-0.332178691679172,-0.335000703862949,-1.32510530857577,-1.33193493896936,-1.32911292678558
"135",-0.330736995658337,-0.323743499352088,-0.32614783910523,-1.32339242962207,-1.33038592592832,-1.32798158617518
"136",-0.322383829812025,-0.3154889309809,-0.317542296126384,-1.32176139010027,-1.32865628893139,-1.32660292378591
"137",-0.313915947874542,-0.30743203674905,-0.309236477012702,-1.32024506666963,-1.32672897779513,-1.32492453753147
"138",-0.305365960911256,-0.299522314031705,-0.301169308890001,-1.3188108482648,-1.32465449514435,-1.32300750028606
"139",-0.296782851918699,-0.291692372001966,-0.293251350143978,-1.31740975188924,-1.32250023180597,-1.32094125366396
"140",-0.288215603893398,-0.283874819832931,-0.28539315916033,-1.31599279454642,-1.32033357860689,-1.31881523927949
"141",-0.279713199831886,-0.2760022666977,-0.277505294324756,-1.31451099323981,-1.318221926374,-1.31671889874694
"142",-0.271309170080711,-0.268021260248982,-0.269513597046617,-1.31293081762287,-1.3162187274546,-1.31472639065696
"143",-0.262975234386506,-0.259934102057928,-0.261405040829944,-1.31128054794896,-1.31432168027753,-1.31285074150552
"144",-0.254667659845923,-0.251757032175298,-0.253181882202432,-1.30960391712142,-1.31251454479205,-1.31108969476491
"145",-0.246342713555615,-0.243506290651852,-0.244846377691776,-1.30794465804361,-1.31078108094737,-1.30944099390745
"146",-0.237956662612234,-0.23519811753835,-0.236400783825672,-1.30634650361887,-1.30910504869276,-1.30790238240543
"147",-0.229479336835939,-0.226852619788766,-0.227855229157443,-1.30483962402705,-1.30746634107422,-1.30646373170554
"148",-0.220934816940917,-0.218505371969919,-0.21925133034292,-1.30339993855395,-1.30582938352495,-1.30508342515195
"149",-0.212360746364859,-0.210195815551839,-0.21063857606356,-1.30198980376189,-1.30415473457491,-1.30371197406319
"150",-0.203794768545459,-0.201963392004559,-0.202066455000821,-1.30057157621317,-1.30240295275407,-1.30229988975781
"151",-0.195274526920409,-0.193847542798109,-0.193584455836163,-1.2991076124701,-1.3005345965924,-1.30079768355435
"152",-0.186839880536841,-0.185872733210828,-0.18522894580928,-1.29755805348555,-1.29852520081157,-1.29916898821311
"153",-0.178539550879638,-0.178003523754279,-0.17698380639282,-1.29587417777464,-1.2964102049,-1.29742992226146
"154",-0.170424475043122,-0.170189498748331,-0.16881979761767,-1.29400504824303,-1.29424002453783,-1.29560972566849
"155",-0.162545590121614,-0.162380242512853,-0.160707679514714,-1.29189972779642,-1.29206507540518,-1.29373763840332
"156",-0.15492195429408,-0.154535239208498,-0.152621972404385,-1.28953915825584,-1.28992587334142,-1.29183914014553
"157",-0.147445110078055,-0.146653572359044,-0.144552237765298,-1.28703179710375,-1.28782333482276,-1.2899246694165
"158",-0.139974721075718,-0.138744225329052,-0.136491797365617,-1.28451798073796,-1.28574847648463,-1.28800090444806
"159",-0.132370450889247,-0.130816181483084,-0.128433972973503,-1.28213804555632,-1.28369231496248,-1.28607452347206
"160",-0.124491963120823,-0.1228784241857,-0.12037208635712,-1.28003232795662,-1.28164586689174,-1.28415220472032
"161",-0.116244488240104,-0.114939688325561,-0.112301719847601,-1.27829559746922,-1.27960039738376,-1.28223836586172
"162",-0.107715524186678,-0.107007714887733,-0.104227498027973,-1.27684035615453,-1.27754816545347,-1.28032838231323
"163",-0.0990381357676152,-0.0990899963813806,-0.0961563060442346,-1.27553353920547,-1.27548167859171,-1.27841536892885
"164",-0.0903453877899831,-0.0911940253156687,-0.0880950290423834,-1.27424208181499,-1.2733934442893,-1.27649244056259
"165",-0.081770345060851,-0.0833272941997624,-0.0800505521684176,-1.272832919176,-1.27127597003709,-1.27455271206843
"166",-0.0734147024514376,-0.0754969402122348,-0.0720307066823663,-1.27120435641729,-1.2691221186565,-1.27258835218636
"167",-0.0652546750895591,-0.0677086792092891,-0.0640471083003788,-1.26938017841105,-1.26692617429132,-1.27058774520023
"168",-0.0572351081671811,-0.0599678717165365,-0.0561123188526348,-1.26741553996531,-1.26468277641596,-1.26853832927986
"169",-0.0493008468762694,-0.0522798782595879,-0.0482389001693139,-1.26536559588811,-1.26238656450479,-1.26642754259506
"170",-0.0413967364087895,-0.0446500593640542,-0.0404394140805956,-1.26328550098747,-1.2600321780322,-1.26424282331566
"171",-0.033482778791444,-0.0370795998378209,-0.03271988492444,-1.26121525323669,-1.25761843219032,-1.2619781471037
"172",-0.0255796033898808,-0.0295529816178685,-0.0250601870699253,-1.25913422327014,-1.25516084504215,-1.25965363959009
"173",-0.0177229964044839,-0.0220505109234517,-0.0174336573939096,-1.25700662488742,-1.25267911036845,-1.25729596389799
"174",-0.00994874403563821,-0.0145524939738256,-0.00981363277325199,-1.25479667188814,-1.25019292194996,-1.25493178315053
"175",-0.00229263248372793,-0.0070392369882448,-0.00217345008481042,-1.25246857807194,-1.24772197356742,-1.25258776047085
"176",0.00522556674439723,0.000505689316861154,0.00550879037980535,-1.25000257193194,-1.24528269450441,-1.25028579556735
"177",0.0126501409160245,0.00808565623636203,0.0132359346699783,-1.24744294073545,-1.24287845605579,-1.2480287344894
"178",0.0200413919919763,0.0157007705679533,0.0210060654203408,-1.24484998644328,-1.24050936501926,-1.24581465987165
"179",0.027459621933075,0.0233511391093306,0.0288172652655248,-1.24228401101626,-1.23817552819252,-1.24364165434871
"180",0.0349651327001423,0.0310368686581885,0.0366676168401619,-1.23980531641521,-1.23587705237326,-1.24150780055523
"181",0.0426147907758691,0.0387564226083706,0.0445580486035441,-1.23747076912282,-1.23361240095532,-1.23941402695049
"182",0.0504517207304207,0.0465016907383121,0.0525008723136025,-1.23532349370925,-1.23137346371714,-1.23737264529243
"183",0.05851561165583,0.0542629194225955,0.0605112455529273,-1.23340317926654,-1.22915048703331,-1.23539881316364
"184",0.0668461526441309,0.062030355035804,0.0686043259041096,-1.23174951488672,-1.2269337172784,-1.2335076881467
"185",0.0754596617146469,0.0697990541691529,0.0767904958259836,-1.23037881858912,-1.22471821104363,-1.23170965270046
"186",0.0842789725958602,0.0775833142803844,0.085061037282356,-1.22921392410222,-1.22251826578674,-1.22999598878871
"187",0.0932035479435436,0.0854022430438735,0.0934024571132777,-1.22815429408178,-1.22035298918211,-1.22835320325152
"188",0.10213285041347,0.093274948133995,0.101801262158799,-1.22709939118359,-1.21824148890411,-1.22676780292892
"189",0.110966342661411,0.101220537225123,0.110243959258971,-1.22594867806341,-1.21620287262712,-1.22522629466097
"190",0.119623778270373,0.109253273171216,0.118717954689162,-1.22462190830425,-1.2142514032051,-1.22371608472304
"191",0.128106074532289,0.117368039544566,0.127214252466012,-1.22311999919805,-1.21238196421033,-1.22222817713177
"192",0.136434439666327,0.125554875097047,0.135724756041478,-1.22146415896397,-1.21058459439469,-1.22075447533912
"193",0.144630081891652,0.133803818580534,0.144241368867521,-1.21967559582118,-1.20884933251006,-1.21928688279705
"194",0.152714209427432,0.142104908746901,0.152755994396096,-1.21777551798884,-1.20716621730831,-1.2178173029575
"195",0.160704417281523,0.150449438004003,0.161258261356336,-1.21578152047481,-1.20552654119729,-1.21633536454962
"196",0.168603847616534,0.158833713383608,0.169728699586059,-1.2136967454417,-1.20392661120878,-1.21482159741123
"197",0.176412029383763,0.167255295573466,0.178145564200257,-1.21152072184081,-1.20236398803052,-1.21325425665731
"198",0.184128491534511,0.175711745261325,0.186487110313919,-1.20925297862344,-1.20083623235026,-1.21161159740285
"199",0.191752763020075,0.184200623134933,0.194731593042038,-1.20689304474089,-1.19934090485575,-1.20987187476285
"200",0.19929672560739,0.192715608515248,0.202867789374405,-1.20445280196008,-1.19787168486794,-1.2080238657271
"201",0.206821672325933,0.20123485525607,0.210926563800007,-1.20199354331051,-1.19640672624065,-1.20609843478458
"202",0.214401249020815,0.209732635844409,0.218949302682631,-1.19958891463727,-1.19492030146087,-1.20413696829909
"203",0.222109101537148,0.218183222767272,0.226977392386065,-1.19731256178549,-1.19338668301561,-1.2021808526344
"204",0.230018875720045,0.226560888511669,0.235052219274096,-1.19523813060026,-1.19178014339189,-1.20027147415432
"205",0.238178484858864,0.234845907635816,0.243204465572483,-1.19341353437096,-1.19008095714792,-1.19843951508458
"206",0.246532912019942,0.243042562982751,0.251421996954873,-1.19178375616392,-1.18829340712673,-1.19667284109886
"207",0.255001407713865,0.25116113946672,0.259681974956885,-1.19026804648973,-1.18642777824258,-1.19494861373275
"208",0.263503222451218,0.259211922001968,0.267961561114136,-1.18878565585896,-1.18449435540971,-1.19324399452188
"209",0.271957606742583,0.267205195502741,0.276237916962245,-1.18725583478221,-1.18250342354237,-1.19153614500187
"210",0.280299412726054,0.27515113015763,0.284492021882535,-1.18561343539756,-1.18046515282914,-1.18980604455404
"211",0.288525899049752,0.283059437252621,0.292720126639146,-1.18385571635314,-1.17838925455601,-1.18804994394253
"212",0.296649925989304,0.290939713348043,0.300922299841921,-1.18199553792457,-1.17628532528331,-1.18626791177719
"213",0.304684353820341,0.298801555004229,0.309098610100705,-1.18004576038749,-1.17416296157138,-1.18446001666786
"214",0.312645246405119,0.306653162742788,0.317247392466724,-1.17802244760415,-1.17203036394182,-1.18262459366576
"215",0.320561481952416,0.314497152930442,0.325360047756727,-1.17595447778333,-1.16989014876135,-1.18075304358764
"216",0.328465142257636,0.322334745895193,0.333426243228847,-1.17387393272043,-1.16774353635799,-1.17883503369164
"217",0.336388309116186,0.330167161965041,0.341435646141217,-1.17181289421086,-1.16559174705972,-1.17686023123589
"218",0.344363064323469,0.337995621467988,0.349377923751966,-1.16980344405003,-1.16343600119454,-1.17481830347852
"219",0.352408550479777,0.345817533847703,0.357243471389514,-1.16786472483821,-1.16127370820614,-1.17269964574795
"220",0.36049215340493,0.353615065010528,0.365025596663412,-1.16596412239525,-1.15908703400085,-1.17049756565373
"221",0.368568319723635,0.361366569978474,0.372718335253501,-1.16405608334583,-1.15685433360067,-1.1682060988757
"222",0.376591496060596,0.369050403773551,0.380315722839618,-1.16209505431468,-1.15455396202763,-1.1658192810937
"223",0.38451612904052,0.37664492141777,0.387811795101603,-1.16003548192648,-1.15216427430373,-1.16333114798756
"224",0.392306342037285,0.384136912287098,0.395206014278919,-1.15784148955513,-1.14967205980494,-1.16074116179676
"225",0.399964965421462,0.391546903173327,0.402519548849535,-1.15551590757119,-1.14709784532305,-1.15807049099926
"226",0.407504506312796,0.398903855222204,0.409778993851044,-1.1530712430944,-1.14447059200381,-1.15534573063265
"227",0.41493747183103,0.406236729579479,0.41701094432104,-1.15052000324452,-1.14181926099297,-1.15259347573453
"228",0.42227636909591,0.413574487390898,0.424241995297114,-1.14787469514128,-1.13917281343627,-1.14984032134248
"229",0.4295341362367,0.420937680987376,0.431491473316689,-1.14514825691395,-1.13655180166463,-1.14710559399394
"230",0.436725435420744,0.428313227440492,0.438749630916487,-1.14235535072988,-1.13394314274962,-1.14437954622562
"231",0.44386535982491,0.435679635006991,0.44599945213306,-1.13951106976592,-1.131325344948,-1.14164516207407
"232",0.450969002626063,0.443015411943619,0.453223921002961,-1.13663050719896,-1.12867691651651,-1.13888542557586
"233",0.458051457001068,0.450299066507119,0.460406021562739,-1.13372875620584,-1.1259763657119,-1.13608332076752
"234",0.465127389754507,0.457514150657482,0.467533937135251,-1.13082048359116,-1.12320724449414,-1.13322703097191
"235",0.472209762201813,0.464664391167666,0.474616648188571,-1.12791865067035,-1.1203732796362,-1.13032553665711
"236",0.479311109286135,0.471758558513875,0.48166833447708,-1.12503579238655,-1.11748324161429,-1.1273930175775
"237",0.486443965950622,0.478805423172312,0.488703175755155,-1.12218444368292,-1.11454590090461,-1.12444365348746
"238",0.493620867138423,0.48581375561918,0.495735351777176,-1.1193771395026,-1.11157002798336,-1.12149162414136
"239",0.500841428173881,0.492788987792647,0.50277400206574,-1.11661349516994,-1.10856105478871,-1.1185460690618
"240",0.508053585906122,0.499723197478735,0.509808105216318,-1.11384144753407,-1.10551105910668,-1.11559596684426
"241",0.515192357565469,0.50660512392543,0.516821599592597,-1.11099601382529,-1.10240878018526,-1.11262525585242
"242",0.522192760382241,0.513423506380721,0.523798423558268,-1.10801221127395,-1.09924295727243,-1.10961787444997
"243",0.529010241899509,0.520172387184762,0.530727646568069,-1.1048454874231,-1.09600763270835,-1.10656289209166
"244",0.535681970911327,0.52686702104639,0.537618862440952,-1.1015330110668,-1.09271806120186,-1.10346990259642
"245",0.542265546524498,0.533527965766608,0.544486796086918,-1.09813238131185,-1.08939480055396,-1.10035363087427
"246",0.548818567845825,0.540175779146423,0.55134617241597,-1.09470119726506,-1.08605840856565,-1.0972288018352
"247",0.55539863398211,0.546831018986838,0.55821171633811,-1.09129705803322,-1.08272944303795,-1.09411014038922
"248",0.562054644636279,0.55351037703485,0.565094515990527,-1.08796886331927,-1.07942459571784,-1.09100873467352
"249",0.568800701895739,0.560215080821417,0.571991112419161,-1.08473071521061,-1.07614509413629,-1.08792112573404
"250",0.575642208444023,0.566942491823486,0.578894409897137,-1.08158801639078,-1.07288829977024,-1.08484021784389
"251",0.582584566964659,0.573689971518006,0.585797312697582,-1.0785461695433,-1.06965157409664,-1.08175891527622
"252",0.589633180141178,0.580454881381925,0.592692725093621,-1.0756105773517,-1.06643227859244,-1.07867012230414
"253",0.596778838657952,0.587231076351485,0.599573108214195,-1.07277203050035,-1.06322426819389,-1.0755663000566
"254",0.603953885202712,0.593998385200101,0.6064291506115,-1.06996287167699,-1.06000737167438,-1.07243813708578
"255",0.61107605046403,0.600733130160483,0.613251097693546,-1.06710083157019,-1.05675791126665,-1.06927587879971
"256",0.618063065130479,0.607411633465339,0.620029194868345,-1.06410364086852,-1.05345220920338,-1.06606977060639
"257",0.62483265989063,0.614010217347379,0.626753687543906,-1.06088903026056,-1.0500665877173,-1.06281005791383
"258",0.631327105724112,0.620513057977595,0.633415702487842,-1.05739927072592,-1.0465852229794,-1.05948786748965
"259",0.637586834774772,0.626935747280116,0.640009891906174,-1.05367479440846,-1.0430237069138,-1.05609785153986
"260",0.643676819477513,0.633301731117355,0.646531789364523,-1.04978057374308,-1.03940548538292,-1.05263554363009
"261",0.649662032267237,0.639634455351725,0.652976928428512,-1.04578158116469,-1.03575400424918,-1.04909647732596
"262",0.655607445578846,0.645957365845637,0.659340842663762,-1.04174278910818,-1.03209270937497,-1.04547618619309
"263",0.661566776518834,0.652288595663255,0.665621762131298,-1.03771791468005,-1.02843973382447,-1.04177290029251
"264",0.667548720880047,0.658625026675738,0.671828702873752,-1.03371565367314,-1.02479195946883,-1.03799563566685
"265",0.673550719126923,0.664958227955997,0.67797337742916,-1.0297334465519,-1.02114095538097,-1.03415610485414
"266",0.679570211723898,0.67127976857694,0.684067498335556,-1.02576873378075,-1.0174782906338,-1.03026602039241
"267",0.685604639135409,0.677581217611478,0.690122778130974,-1.02181895582415,-1.01379553430022,-1.02633709481971
"268",0.691651763534273,0.683852819136084,0.696147888834555,-1.01788187485489,-1.0100829304567,-1.02237800015517
"269",0.697710633926827,0.690079517241492,0.70213934038986,-1.01395653987933,-1.00632542319399,-1.01838524634236
"270",0.703780621027787,0.696244931021998,0.708090602221555,-1.01004232161217,-1.00250663160638,-1.01435230280594
"271",0.709861095551871,0.7023326795719,0.713995143754307,-1.00613859076813,-0.998610174788164,-1.01027263897057
"272",0.715947210486041,0.70832814245111,0.719848583699705,-1.00224050033419,-0.994621432299254,-1.00614187354785
"273",0.722017247906238,0.714223741081995,0.72565513791704,-0.998326332386263,-0.990532825562021,-1.00196422239707
"274",0.728045272160646,0.720013657352538,0.731421171552522,-0.994370151272553,-0.986338536464445,-0.997746050664429
"275",0.734005347597454,0.725692073150724,0.737153049752366,-0.990346021341242,-0.982032746894512,-0.993493723496154
"276",0.739871538564845,0.731253170364534,0.742857137662783,-0.986228006940514,-0.977609638740204,-0.989213606038453
"277",0.745628280021323,0.736697273809274,0.748539076778877,-0.982000543028874,-0.973069536816825,-0.984911339786427
"278",0.75130148936666,0.742049280009542,0.754201613991302,-0.977689547006092,-0.968437337648975,-0.980589671630735
"279",0.756927454610943,0.747340228417258,0.759846772539607,-0.973331306882256,-0.963744080688571,-0.97625062481092
"280",0.762542463764261,0.75260115848434,0.765476575663336,-0.968962110667456,-0.959020805387534,-0.97189622256653
"281",0.768182804836703,0.757863109662709,0.771093046602035,-0.964618246371779,-0.954298551197784,-0.96752848813711
"282",0.773878247063738,0.763152828966748,0.776696415665867,-0.960329483230695,-0.949604065133705,-0.963147651832824
"283",0.779632484582367,0.768479893660693,0.782279741447464,-0.956099515381207,-0.944946924459531,-0.958746772246303
"284",0.785442692754975,0.773849588571243,0.787834289610077,-0.951925518185696,-0.940332414001963,-0.954317115040797
"285",0.791306046943944,0.779267198525099,0.793351325816953,-0.947804667006545,-0.9357658185877,-0.949849945879554
"286",0.797219722511656,0.78473800834896,0.798822115731343,-0.943734137206139,-0.931252423043442,-0.945336530425825
"287",0.803170830961158,0.790260927733566,0.804240887022268,-0.939701040287522,-0.92679113705993,-0.940771096348632
"288",0.809106228358152,0.795809365825827,0.80961371538185,-0.935652232316396,-0.922355369784072,-0.936159719340095
"289",0.814962706908998,0.801350356636692,0.814949638507979,-0.931524505499124,-0.917912155226818,-0.931511437098105
"290",0.820677058820062,0.80685093417711,0.820257694098549,-0.927254652042069,-0.913428527399117,-0.926835287320556
"291",0.826186076297706,0.812278132458032,0.825546919851452,-0.922779464151595,-0.90887152031192,-0.92214030770534
"292",0.831447591881156,0.81760670970783,0.83082475453371,-0.918056774366925,-0.904215892193599,-0.91743393701948
"293",0.836503599441075,0.822842321024565,0.836092241188857,-0.913128576558726,-0.899467298142217,-0.912717218306508
"294",0.841417133180991,0.827998345723724,0.841348823929557,-0.908057904930524,-0.894639117473256,-0.907989595679089
"295",0.846251227304431,0.83308816312079,0.846593946868471,-0.902907793685845,-0.889744729502203,-0.903250513249885
"296",0.851068916014921,0.838125152531248,0.851827054118264,-0.897741277028216,-0.884797513544543,-0.898499415131558
"297",0.85592515768984,0.843123354415413,0.857047911908405,-0.892613313335015,-0.879811510060589,-0.893736067553581
"298",0.860842607401971,0.84809945381292,0.8622575749356,-0.887546557679028,-0.874803404089977,-0.888961525212657
"299",0.865835844397951,0.853070796908234,0.86745742001336,-0.88255558930689,-0.869790541817173,-0.884177164922299
"300",0.870919447924418,0.85805472988582,0.872648823955198,-0.877654987465238,-0.86479026942664,-0.879384363496018
"301",0.876107997228007,0.863068598930145,0.877833163574624,-0.872859331400708,-0.859819933102846,-0.874584497747325
"302",0.88140013486325,0.868128030529152,0.883013635132521,-0.868167263667832,-0.854895159333735,-0.869780763937104
"303",0.886730756616261,0.873241772384709,0.888200712679248,-0.863513680052725,-0.850024695821173,-0.864983636115712
"304",0.892018821581049,0.878416852502163,0.893406689712534,-0.858817539649394,-0.845215570570508,-0.860205407780879
"305",0.897183288851623,0.883660298886859,0.898643859730108,-0.85399780155185,-0.840474811587085,-0.855458372430334
"306",0.902164496562667,0.888973470566191,0.903919025493694,-0.848994803894774,-0.835803777898298,-0.850749332825801
"307",0.906988299011557,0.894335050655731,0.909217026821006,-0.843834400975546,-0.83118115261972,-0.846063128784995
"308",0.911701929536345,0.8997180532931,0.914517212793756,-0.838563826132216,-0.82657994988897,-0.841379109389625
"309",0.916352621475083,0.905095492615917,0.919798932493652,-0.833230312702835,-0.821973183843668,-0.836676623721403
"310",0.920987608165823,0.9104403827618,0.925041535002406,-0.827881094025455,-0.817333868621432,-0.831935020862039
"311",0.925647164322001,0.915725256575304,0.930224510413416,-0.822556444813514,-0.812634537066818,-0.827133790904929
"312",0.930343730158598,0.920920721728734,0.935327912866826,-0.817268805281993,-0.807845796852129,-0.822252987990222
"313",0.935082787265982,0.925996904601327,0.940331937514473,-0.812023657021258,-0.802937774356603,-0.817272807269749
"314",0.939869817234518,0.930923931572321,0.945216779508188,-0.806826481621675,-0.79788059595948,-0.812173443895346
"315",0.944710301654574,0.935671929020957,0.949962633999806,-0.801682760673613,-0.792644388039997,-0.806935093018845
"316",0.949597171158727,0.940224734228721,0.954556711991845,-0.796585424809646,-0.787212987879642,-0.801544965642765
"317",0.95447315254839,0.944621028086094,0.959014287889562,-0.791477200831191,-0.781625076368895,-0.796018336172363
"318",0.959268421667188,0.948913202385803,0.963357651948902,-0.78628826458187,-0.775933045300486,-0.790377494863584
"319",0.963913154358746,0.953153648920579,0.967609094425806,-0.78094879190531,-0.770189286467143,-0.784644731972369
"320",0.968337526466688,0.957394759483149,0.971790905576217,-0.775388958645133,-0.764446191661595,-0.778842337754662
"321",0.972499808098752,0.961675049648625,0.975924063186426,-0.769567034909078,-0.758742276458952,-0.772991289996752
"322",0.97647064641913,0.965977530121645,0.980024295164105,-0.763553667861337,-0.753060551563853,-0.767107316606312
"323",0.980348782856126,0.970271335389231,0.984106016947276,-0.757447598930215,-0.747370151463319,-0.761204833021364
"324",0.984232958838047,0.9745255999384,0.988183643973959,-0.751347569544017,-0.741640210644371,-0.755298254679929
"325",0.988221915793197,0.978709458256176,0.992271591682175,-0.745352321131048,-0.735839863594027,-0.749401997020026
"326",0.992388415229066,0.982798709389297,0.996376305137662,-0.739534615198798,-0.72994490935903,-0.743522505107395
"327",0.996701298969873,0.986795810623385,1.00047234791703,-0.733863293571487,-0.723957805224999,-0.737634342518644
"328",1.00110342891902,0.99070988380378,1.00452631322461,-0.728281218152519,-0.717887673037274,-0.7317041024581
"329",1.00553766697992,0.99455005077582,1.00850479426472,-0.722731250845298,-0.711743634641196,-0.725698378130092
"330",1.00994687505597,0.998325433384847,1.01237438424169,-0.717156253553229,-0.705534811882105,-0.719583762738945
"331",1.01427881147233,1.00204945756395,1.01611359120541,-0.711503984601473,-0.699274630693091,-0.713338764334553
"332",1.0185008202412,1.00575276559723,1.01974858258805,-0.70574178800222,-0.692993733358252,-0.706989550349072
"333",1.02258514179652,1.00947030385653,1.02331744066732,-0.699841904189422,-0.686727066249434,-0.700574203060225
"334",1.02650401657224,1.0132370187137,1.02685824772095,-0.693776573597025,-0.680509575738485,-0.694130804745733
"335",1.03023969718325,1.01707651596673,1.03040287911925,-0.687528048839912,-0.67436486762339,-0.687691230775919
"336",1.03381448496815,1.02096703911813,1.03395838260294,-0.681118631256698,-0.668271185406676,-0.681262528891488
"337",1.0372606934465,1.02487549109658,1.03752559900533,-0.674580634366932,-0.66219543201701,-0.674845539925752
"338",1.04061063613785,1.02876877483075,1.04110536915971,-0.667946371690159,-0.656104510383059,-0.668441104712014
"339",1.04389662656174,1.0326137932493,1.04469853389939,-0.661248156745929,-0.649965323433487,-0.662050064083583
"340",1.04714428996506,1.03638462650066,1.0483057854275,-0.654511614781133,-0.643751951316726,-0.655673110243574
"341",1.0503524985041,1.04008406361232,1.05192722142638,-0.647735617952046,-0.637467183060267,-0.649310340874334
"342",1.05351343606245,1.04372207083153,1.05556279094819,-0.640912350142284,-0.631120984911365,-0.642961705028019
"343",1.05661928652375,1.04730861440556,1.05921244304507,-0.634033995235466,-0.624723323117276,-0.636627151756784
"344",1.05966223377161,1.05085366058166,1.06287612676919,-0.627092737115207,-0.618284163925256,-0.630306630112785
"345",1.06264360961587,1.05436507079729,1.06655005021141,-0.620089907591343,-0.611811368772766,-0.623996348186887
"346",1.06560133757122,1.05784228725073,1.07021545761744,-0.613063430178576,-0.605304379858087,-0.617677550224795
"347",1.06858248907859,1.06128264733047,1.07384985227169,-0.606060376317827,-0.598760534569707,-0.611327739510925
"348",1.07163413557889,1.06468348842499,1.07743073745857,-0.599127817450015,-0.59217717029611,-0.604924419329691
"349",1.07480334851306,1.06804214792278,1.08093561646251,-0.592312825016059,-0.585551624425785,-0.598445092965511
"350",1.07812075970078,1.07135353262187,1.08434480495391,-0.58564603083566,-0.578878803756751,-0.591870076088791
"351",1.08155124247687,1.0746028269584,1.08764986814715,-0.579092308243637,-0.572143892725167,-0.585190933913917
"352",1.08504323055494,1.07777278477808,1.09084518364262,-0.57260009095359,-0.565329645176726,-0.578402044041267
"353",1.08854515764859,1.0808461599266,1.0939251290407,-0.566117812679118,-0.558418814957122,-0.571497784071223
"354",1.09200545747141,1.08380570624964,1.09688408194175,-0.559593907133821,-0.551394155912045,-0.564472531604159
"355",1.09538426433757,1.08664415395145,1.09972471040496,-0.552988508631864,-0.544248398245739,-0.55732895469925
"356",1.0986885149635,1.08939413867048,1.10248284432466,-0.546308553889673,-0.537014177596647,-0.550102883250833
"357",1.10193684666619,1.09209827240371,1.10520260405399,-0.539572680224238,-0.529734105961761,-0.542838437612041
"358",1.10514789676262,1.09479916714814,1.10792810994607,-0.532799524952551,-0.522450795338073,-0.535579738136007
"359",1.10834030256979,1.09753943490076,1.11070348235405,-0.526007725391603,-0.515206857722577,-0.528370905175862
"360",1.11152224826005,1.10035286588726,1.11355980626072,-0.519205465713744,-0.508036083340958,-0.521243023714412
"361",1.11466010542718,1.10323796324809,1.11647602516757,-0.512359117512761,-0.500936975333667,-0.514175037253152
"362",1.11770979252034,1.10618440835239,1.1194180472058,-0.505424599237801,-0.493899215069851,-0.507132853923253
"363",1.12062722798867,1.10918188256932,1.12235178050655,-0.498357829338009,-0.486912483918656,-0.500082381855885
"364",1.12337786740542,1.11221837053425,1.12524787305748,-0.491124263386645,-0.479964766515467,-0.492994269038703
"365",1.12596531484032,1.11527506994753,1.1280959322722,-0.483727505453422,-0.473037260560627,-0.4858581228853
"366",1.12840271148718,1.11833148177574,1.13089030542077,-0.476180696732167,-0.466109467020718,-0.478668290665757
"367",1.13070319853984,1.12136710698546,1.13362533977329,-0.468496978416705,-0.459160886862324,-0.471419119650152
"368",1.13287991719212,1.12436144654328,1.13629538259982,-0.460689491700862,-0.452171021052026,-0.464104957108565
"369",1.13494546132497,1.12729353046722,1.13889415926341,-0.4527708304656,-0.445118899607846,-0.456719528404038
"370",1.13691023556791,1.13014050498106,1.14141290749896,-0.444751399340419,-0.437981668753566,-0.449254071271465
"371",1.13878409723756,1.13287904536002,1.14384224313431,-0.436641055641952,-0.430736003764404,-0.4416992015387
"372",1.14057690365057,1.13548582687931,1.14617278199733,-0.428449656686836,-0.423358579915582,-0.4340455350336
"373",1.14229851212355,1.13793752481416,1.14839513991587,-0.420187059791703,-0.415826072482316,-0.42628368758402
"374",1.14396761196402,1.14021984833174,1.15050489218801,-0.411871954264051,-0.408124190631768,-0.418409234488047
"375",1.1456382204429,1.14235464216694,1.15251745199277,-0.403558357374817,-0.400274779098858,-0.410437588924688
"376",1.14737318682201,1.14437278494665,1.15445319197938,-0.395309118385803,-0.392308716510443,-0.40238912354318
"377",1.14923536036313,1.14630515529771,1.15633248479708,-0.387187086558807,-0.384256881493383,-0.394284210992759
"378",1.15128759032807,1.14818263184698,1.15817570309511,-0.37925511115563,-0.376150152674538,-0.386143223922663
"379",1.15356654877597,1.15002950797072,1.15999752142241,-0.371549864235405,-0.368012823430156,-0.377980836881848
"380",1.15600419895527,1.15184373604272,1.16178982192683,-0.364003309046593,-0.35984284613404,-0.369788932018148
"381",1.15850632691179,1.15361668318619,1.16353878865591,-0.356521231634989,-0.351631587909387,-0.361553693379114
"382",1.16097871869131,1.15533971652431,1.16523060565722,-0.349009418046389,-0.343370415879391,-0.353261305012301
"383",1.16332716033962,1.15700420318028,1.1668514569783,-0.341373654326587,-0.335050697167245,-0.34489795096526
"384",1.16548197324752,1.15860603451296,1.16839253994725,-0.333544261866363,-0.326668323131805,-0.336454828566093
"385",1.1674716201857,1.16015919882384,1.16986510501436,-0.32554970343643,-0.318237282074563,-0.327943188265091
"386",1.16934909926988,1.16168220865007,1.17128541591049,-0.317442977152487,-0.309776086532674,-0.319379293793093
"387",1.17116740861575,1.1631935765288,1.17266973636645,-0.309277081130235,-0.301303249043293,-0.310779408880942
"388",1.172979546339,1.1647118149972,1.17403433011311,-0.301105013485371,-0.292837282143573,-0.302159797259475
"389",1.17482542356329,1.16625518464553,1.17539656996867,-0.292966685341538,-0.284396446423781,-0.293537831746925
"390",1.17669260344402,1.1678409382765,1.17677826510095,-0.284849659854157,-0.275997994686631,-0.284935321511086
"391",1.17855556214458,1.16948607674594,1.17820233376513,-0.276728413186594,-0.26765892778795,-0.276375184807144
"392",1.18038877582832,1.17120760090967,1.17969169421639,-0.268577421502214,-0.259396246583566,-0.267880339890286
"393",1.18217699370338,1.17301609668019,1.18126485139845,-0.260381434009158,-0.251220536985964,-0.259469291704228
"394",1.18394605715701,1.17489649019661,1.18292265700915,-0.252166292094666,-0.243116725134264,-0.251142891946809
"395",1.18573208062122,1.1768272926547,1.18466154943486,-0.243968110190756,-0.235063322224245,-0.242897579004398
"396",1.18757117852802,1.17878701525026,1.18647796706194,-0.235823002729444,-0.227038839451684,-0.234729791263363
"397",1.18949946530944,1.18075416917906,1.18836834827677,-0.227767084142746,-0.219021788012362,-0.226635967110075
"398",1.1915357895976,1.18270973076122,1.19032444445001,-0.219819203062788,-0.210993144226403,-0.218607857915191
"399",1.19362993682506,1.18464453681426,1.19231925888946,-0.211929144922125,-0.202943744911325,-0.210618466986522
"400",1.19571442662448,1.18655188928004,1.19432110788722,-0.204029429353422,-0.194866892008991,-0.202636110616163
"401",1.19772177862852,1.18842509010044,1.19629830773539,-0.196052575989344,-0.186755887461265,-0.194629105096216
"402",1.19958451246985,1.1902574412173,1.19821917472607,-0.187931104462554,-0.17860403321001,-0.186565766718776
"403",1.20125844062268,1.19205434590981,1.20006743365307,-0.179620827247268,-0.170416732534397,-0.178429820277657
"404",1.20279254692743,1.19386961280635,1.20188844331706,-0.171170728183902,-0.162247794062825,-0.170266624573526
"405",1.20425910806607,1.19576915187265,1.20374297102041,-0.162653083954426,-0.154163127760999,-0.162136946908763
"406",1.20573040072057,1.19781887307439,1.20569178406552,-0.154140171240806,-0.146228643594625,-0.154101554585749
"407",1.2072787015729,1.20008468637729,1.20779564975475,-0.145704266725011,-0.138510251529406,-0.146221214906863
"408",1.20896517914433,1.20261240309767,1.21010068438035,-0.137406538928322,-0.131053762881669,-0.138542044164349
"409",1.21080656931339,1.20536743995433,1.21259440019401,-0.129263723729267,-0.123824594370209,-0.131051554609891
"410",1.21280849979793,1.20829511501668,1.21524965843728,-0.121281448845689,-0.116768064064442,-0.123722607485034
"411",1.21497659831579,1.21134074635414,1.21803932035169,-0.113465341995427,-0.109829490033784,-0.116528064031325
"412",1.2173164925848,1.21444965203613,1.22093624717879,-0.105821030896324,-0.10295419034765,-0.109440785490309
"413",1.21981828825163,1.2175679073769,1.22390669944768,-0.0983386211950343,-0.0960882403202991,-0.102427032391086
"414",1.22241000267818,1.22064461667007,1.22689053483769,-0.0909461302534624,-0.0891807442453577,-0.0954266624129742
"415",1.22500413115516,1.22362964145413,1.22982101031568,-0.0835560533623269,-0.0821815636612971,-0.0883729325228453
"416",1.2275131689733,1.22647284326754,1.23263138284852,-0.0760808858123443,-0.0750405601065861,-0.0811990996875701
"417",1.22984961142331,1.22912408364877,1.2352549094031,-0.0684331228942344,-0.0677075951196966,-0.0738384208740224
"418",1.23195682771639,1.23154822413471,1.23764350083167,-0.0605561338192017,-0.0601475302375216,-0.066242806934483
"419",1.23390168274571,1.23377012625596,1.23982368352818,-0.0525167834804018,-0.0523852269906494,-0.0584387842628724
"420",1.23578191532491,1.23582965154152,1.24184063777195,-0.0444128106914791,-0.0444605469080928,-0.050471533138522
"421",1.23769526426763,1.23776666152041,1.24373954384231,-0.0363419542660773,-0.0364133515188644,-0.0423862338407626
"422",1.23971852358251,1.23962144687437,1.24556194560682,-0.0283810082128444,-0.0282839315047031,-0.0342244302371488
"423",1.24184470805823,1.24143601489604,1.24733484128591,-0.0205229873204422,-0.020114294158251,-0.0260131205481271
"424",1.24404588767844,1.24325280203078,1.24908159268827,-0.0127399615725356,-0.0119468759248755,-0.0177756665823666
"425",1.24629413242682,1.24511424472397,1.25082556162256,-0.00500400095279245,-0.00382411324994745,-0.00953543014853965
"426",1.24856151228702,1.24706277942098,1.25259010989746,0.00271282455512272,0.00421155742116629,-0.00131577305531478
"427",1.25082434827196,1.2491291871389,1.25439729798907,0.0104341939383027,0.012129355071364,0.0068612442211891
"428",1.2530759655115,1.25129762718176,1.25626398104331,0.0181667820668816,0.0199451203966185,0.0149787665350654
"429",1.25531394016475,1.25354060342533,1.25820571287354,0.0259130127817496,0.0276863495211668,0.023021240072956
"430",1.25753584839082,1.25583061974537,1.26023804729311,0.0336753099238001,0.0353805385692491,0.0309731110215061
"431",1.25973926634881,1.25814018001763,1.26237653811537,0.0414560973339258,0.043055183665105,0.0388188255673605
"432",1.26192070019042,1.26044648079047,1.26462593304948,0.0492588688604378,0.0507330882603806,0.0465536360013767
"433",1.26407237603765,1.26274548930262,1.2669477553877,0.0570913983813239,0.058418285116352,0.0542160190312693
"434",1.2661854500051,1.26503786546539,1.26929272231812,0.0649625297819911,0.0661101143217022,0.0618552574689665
"435",1.26825107820736,1.26732426919009,1.27161155102881,0.072881106947847,0.0738079159651151,0.0695206341263972
"436",1.27026041675903,1.26960536038805,1.27385495870784,0.0808559737643001,0.0815110301352753,0.0772614318154912
"437",1.2722095018326,1.27188661409697,1.2759910911046,0.0888910940588487,0.0892139817944797,0.0851095047868468
"438",1.2741138898322,1.27419276586008,1.27805780821381,0.0969709114273689,0.0968920353994898,0.0930269930457535
"439",1.27599401721986,1.276553366347,1.28011039859152,0.105074989407827,0.10451564028068,0.10095860803617
"440",1.27787032045761,1.27899796622738,1.28220415079375,0.113182891538192,0.112055245768427,0.108849061202056
"441",1.27976323600749,1.28155611617082,1.28439435337655,0.121274181356432,0.119481301193108,0.116643063987373
"442",1.28169119193439,1.28424223343963,1.28671756992341,0.129330430797646,0.126779389292416,0.124304052808627
"443",1.28366458271468,1.28701020166683,1.28913546412764,0.137341245385476,0.133995626433335,0.131870363972522
"444",1.28569179442759,1.28979877107811,1.29159097470997,0.145298239040692,0.141191262390167,0.139399058758308
"445",1.28778121315233,1.29254669189918,1.29402704039116,0.153193025684069,0.148427546937217,0.146947198445237
"446",1.28994122496814,1.29519271435573,1.29638659989196,0.161017219236378,0.155765729848785,0.154571844312558
"447",1.29216980335759,1.29768627538594,1.29862398069537,0.168772846215041,0.163256374186696,0.162318668877267
"448",1.29442327141668,1.3000195587779,1.30073906533342,0.176503583524077,0.170907296162855,0.170187789607334
"449",1.29664753964472,1.30219543503219,1.3027431251004,0.184263520664156,0.178715625276688,0.178167935208468
"450",1.29878851854105,1.30421677464937,1.30464743129061,0.192106747135946,0.186678491027618,0.186247834386384
"451",1.300792118605,1.30608644813004,1.30646325519832,0.200087352440113,0.194793022915073,0.194416215846792
"452",1.30262421915827,1.30781134792534,1.30819914636462,0.208239457254961,0.203052328487888,0.202664530048608
"453",1.30433057481203,1.30941445428879,1.30985276731779,0.216517306969321,0.211433427492555,0.210995114463554
"454",1.30597690899981,1.3109227694245,1.31141905883291,0.224855178149653,0.21990931772497,0.219413028316554
"455",1.30762894515516,1.31236329553655,1.31289296168505,0.233187347362423,0.228452996981038,0.227923330832533
"456",1.30932886736347,1.31376008173217,1.31427067728519,0.241471630522234,0.237040416153532,0.236529820600517
"457",1.31102470231757,1.3151253647311,1.31555344958789,0.249760000936253,0.245659338522724,0.245231253665935
"458",1.31264093736216,1.31646842815618,1.31674378318363,0.258127971259785,0.254300480465759,0.254025125438313
"459",1.31410205984192,1.31779855563028,1.31784418266288,0.266651054148138,0.262954558359784,0.26290893132718
"460",1.31533255710156,1.31912503077623,1.31885715261611,0.275404762256619,0.271612288581944,0.271880166742065
"461",1.3162873341872,1.32045313494759,1.31978717432551,0.2844341905391,0.280268389778707,0.280934350400787
"462",1.3170429669507,1.32177214042059,1.32064663584009,0.293662763143718,0.288933589673825,0.290059094254326
"463",1.31770644894536,1.32306731720216,1.32144990190058,0.302983486517171,0.29762261826037,0.299240033561951
"464",1.31838477372449,1.32432393529923,1.32221133724772,0.312289367106163,0.306350205531418,0.308462803582932
"465",1.31918493484138,1.32552726471873,1.32294530662223,0.321473411357395,0.315131081480042,0.317713039576541
"466",1.32018432255488,1.3266719886836,1.32366947644982,0.330458229012016,0.323970562883291,0.326973075117076
"467",1.32134191394605,1.3277904432809,1.32441471989606,0.339284842988961,0.332836313654114,0.33621203703895
"468",1.32258708280151,1.32892437781369,1.32521521181152,0.348023879501615,0.341686584489434,0.345395750491606
"469",1.32384920290789,1.33011554158507,1.32610512704676,0.356745964763362,0.350479626086177,0.354490040624485
"470",1.32505764805178,1.3314056838981,1.32711864045233,0.365521724987588,0.359173689141266,0.363460732587031
"471",1.32616335427596,1.33282693576588,1.32828243657672,0.374400224131525,0.367736642641603,0.372281141830766
"472",1.3272035066478,1.3343729550416,1.32959323876007,0.383344277127803,0.376174828734007,0.380954545015535
"473",1.32823685249082,1.33602778128845,1.33104028004046,0.392295136652903,0.38450420785527,0.389491709103263
"474",1.32932213912854,1.33777545406965,1.33261279345597,0.401194055383306,0.392740740442191,0.397903401055876
"475",1.33051811388447,1.3396000129484,1.33430001204466,0.409982285995488,0.400900386931561,0.406200387835299
"476",1.33187155979722,1.34148307862664,1.33608441911895,0.41861304545086,0.409001526621437,0.414400186129132
"477",1.33338140276565,1.34339659636129,1.33792149908853,0.427087407850545,0.417072214254905,0.422547311527668
"478",1.33503460440372,1.345310092548,1.33975998663744,0.435418411580594,0.425142923436312,0.430693029346874
"479",1.33681812632538,1.34719309358243,1.34154861644972,0.443619095027056,0.433244127770005,0.438888604902717
"480",1.33871893014457,1.34901512586023,1.34323612320939,0.451702496575984,0.441406300860328,0.447185303511163
"481",1.34070172429136,1.35075333249573,1.344781716818,0.459703907797311,0.449652299592941,0.455623915270675
"482",1.34264220446029,1.35241532347803,1.3461865080471,0.467747632996503,0.457974513978758,0.464203329409691
"483",1.34439381316201,1.35401632551491,1.34746208288577,0.475980229662903,0.46635771731,0.472911959939141
"484",1.34580999290717,1.35557156531414,1.34862002732307,0.48454825528586,0.474786682878893,0.481738220869958
"485",1.34679200244709,1.3570910937031,1.34967315692058,0.493550451114054,0.483251359858046,0.490669296640564
"486",1.34743236549575,1.35856425798766,1.35063920552991,0.502894293433516,0.49176240094161,0.499687453399353
"487",1.34787142200778,1.35997522959327,1.35153713657518,0.512439442289606,0.500335634704119,0.508773727722206
"488",1.34824951193782,1.36130817994539,1.35238591348049,0.522045557727687,0.508986889720109,0.517909156185009
"489",1.3487069752405,1.36254728046951,1.35320449966998,0.531572299793124,0.517731994564116,0.527074775363644
"490",1.34936068542676,1.36369025496366,1.35401252660022,0.54090279497498,0.526573225438076,0.536250953801524
"491",1.35023365023273,1.36478903671632,1.35483229785768,0.550014035537126,0.535458649053544,0.545415387912177
"492",1.35132541095085,1.36590911138851,1.35568678506132,0.55890648018713,0.544322779749472,0.554545106076656
"493",1.35263550887353,1.36711596464128,1.35659895983008,0.567580587632566,0.553100131864815,0.563617136676019
"494",1.35416348529321,1.36847508213569,1.3575917937829,0.576036816581004,0.56172521973853,0.572608508091321
"495",1.35589506516162,1.37004093843435,1.35868871469602,0.584289442080718,0.570143568807987,0.581495792546315
"496",1.35776070806766,1.37182396370622,1.35991497497491,0.592408004542797,0.578344748904229,0.59025373763554
"497",1.35967705725954,1.37382357702186,1.36129628318234,0.600475860719029,0.586329340956714,0.598856634796233
"498",1.36156075598548,1.37603919745179,1.36285834788106,0.608576367361207,0.594097925894899,0.60727877546563
"499",1.36332844749369,1.37847024406656,1.36462687763384,0.616792881221122,0.601651084648247,0.61549445108097
"500",1.36493053851127,1.38110553835675,1.36661762871946,0.625174995571656,0.608999995726181,0.623487905363466
"501",1.36645248968099,1.38389151149304,1.36880654828078,0.633637249770062,0.616198227958003,0.631283191170262
"502",1.36801352512449,1.38676399706618,1.37115963117669,0.64206041969468,0.623309947752983,0.63891431364248
"503",1.36973286896343,1.3896588286669,1.37364287226604,0.650325281223857,0.630399321520389,0.646415277921243
"504",1.37172974531947,1.39251183988591,1.37622226640773,0.658312610235933,0.63753051566949,0.653820089147671
"505",1.37408520152438,1.39527035603654,1.37886275381011,0.665941359399145,0.644756204886983,0.661163807113416
"506",1.37672757775033,1.39792766932236,1.3815250560794,0.67328318854131,0.652083096969282,0.668485710212239
"507",1.37954703737962,1.40048856366953,1.38416884017133,0.680447934280135,0.659506407990227,0.675826131488431
"508",1.38243374379455,1.40295782300422,1.3867537730416,0.687545433233329,0.667021354023657,0.683225403986281
"509",1.3852778603774,1.40534023125258,1.38923952164592,0.6946855220186,0.674623151143414,0.690723860750079
"510",1.38798369829302,1.4076462295121,1.39159759729829,0.701963889471093,0.682301358252013,0.698349990465823
"511",1.39051215983654,1.40990888756556,1.39384688874589,0.709419633295699,0.690022905566673,0.706084904386348
"512",1.39283829508561,1.41216693236707,1.39601812909416,0.717077703414744,0.697749066133282,0.713897869406192
"513",1.39493715411792,1.41445909087074,1.39814205144857,0.724963049750555,0.705441112997735,0.721758152419898
"514",1.39680954995063,1.41681638186438,1.40024492753601,0.73307485928596,0.713068027372208,0.729639481700578
"515",1.39855934735891,1.41923899147068,1.40233518356908,0.741309267245801,0.720629623134028,0.73753343103563
"516",1.40031617405741,1.42171939764602,1.40441678438181,0.749536645915422,0.728133422326811,0.745436035591024
"517",1.40220965776078,1.42425007834678,1.40649369480822,0.757627367580162,0.735586946994166,0.753343330532727
"518",1.4043694261837,1.42682351152936,1.40856987968236,0.765451804525367,0.742997719179708,0.761251351026711
"519",1.40688926910122,1.42946657046286,1.41065666814996,0.772916166975966,0.750338865614321,0.769148767927229
"520",1.40971962453007,1.43234370966733,1.41279484660362,0.780070016915236,0.757445931777977,0.77699479484168
"521",1.41277509254738,1.4356537789755,1.41503256574768,0.786998754266038,0.764120067837918,0.784741281065743
"522",1.4159702732303,1.43959562822015,1.41741797628644,0.793787778951238,0.770162423961387,0.792340075895103
"523",1.41921976665596,1.44436810723403,1.41999922892422,0.800522490893697,0.775374150315626,0.799743028625443
"524",1.42246734480922,1.45014486043136,1.42283606445365,0.807259118108557,0.779581602486422,0.806890398464127
"525",1.42577346730584,1.45699871055216,1.42603458402063,0.81393720098006,0.782711957733736,0.813676084265263
"526",1.42922776566929,1.46497727491794,1.42971247885938,0.820467107984728,0.784717598736072,0.819982394794637
"527",1.43291987142305,1.4741281708502,1.43398744020409,0.826759207599081,0.785550908171935,0.82569163881804
"528",1.43693941609061,1.48449901567042,1.43897715928899,0.832723868299641,0.78516426871983,0.830686125101261
"529",1.44133369147599,1.49618573730347,1.44475285921134,0.838313798282386,0.783461752454903,0.834894630547027
"530",1.44598063050536,1.50947750608763,1.45119989052067,0.843651064621135,0.78015418903886,0.838431804605818
"531",1.45071582638545,1.52471180296456,1.45815713562956,0.848900074109162,0.774904097530048,0.841458764865051
"532",1.45537487232298,1.54222610887591,1.46546347695058,0.854225233539746,0.767373996986815,0.844136628912144
"533",1.45979336152469,1.56235790476334,1.47295779689633,0.85979094970616,0.757226406467508,0.846626514334514
"534",1.46386499448065,1.58523786348092,1.48051502315438,0.865703522118314,0.744330653118048,0.849053493444582
"535",1.46771590081444,1.61016942553245,1.4881542645123,0.871836821152646,0.729383296434637,0.851398457454781
"536",1.47153031743298,1.63624922333415,1.49593067503266,0.878006609902228,0.713287704001055,0.853606252302549
"537",1.47549248124319,1.66257388930224,1.503899408778,0.88402865146013,0.696947243401078,0.85562172392532
"538",1.47978662915202,1.68824005585296,1.51211561981091,0.889718708919422,0.681265282218486,0.857389718260533
"539",1.48457769910552,1.71263610572264,1.52063044450211,0.894911844334042,0.666853437716915,0.85885909893745
"540",1.48995343320629,1.73631742292823,1.52947894845503,0.899520315601391,0.653156325879446,0.859994800352645
"541",1.49598227459606,1.76013114180678,1.53869217958128,0.903475679579736,0.639326812369022,0.86076577459452
"542",1.50273266641657,1.78492439669533,1.54830118579244,0.906709493127345,0.624517762848586,0.861140973751473
"543",1.51025935074323,1.8115035092684,1.55834127757579,0.909167014168802,0.607922855643632,0.861085087336247
"544",1.5185622653862,1.8405115505503,1.56886481572121,0.910848304893958,0.588899019729856,0.860545754558942
"545",1.52762764708929,1.87255077890277,1.57992842359428,0.911767128558982,0.566843996745502,0.859466352053997
"546",1.53744173259635,1.90822345268756,1.59158872456054,0.911937248420042,0.541155528328826,0.857790256455852
"547",1.5479907586512,1.94813183026644,1.60390234198556,0.911372427733307,0.511231356118069,0.855460844398948
"548",1.55918690001878,1.99270070789286,1.61694455169941,0.910160491733849,0.476646683859768,0.852402840053215
"549",1.57064608354839,2.04164503338716,1.63086523939021,0.908685513572356,0.437686563733591,0.848466357730536
"550",1.58191017411045,2.09450229246136,1.64583294321058,0.907405628378419,0.394813510027507,0.843482859278288
"551",1.59252103657535,2.15080997082752,1.66201620131314,0.906778971281632,0.348490037029469,0.837283806543845
"552",1.60202053581352,2.21010555419767,1.67958355185052,0.907263677411584,0.299178659027434,0.829700661374581
"553",1.61015988635184,2.27195191410758,1.69859389866978,0.909108532241379,0.247316504485643,0.820674519923446
"554",1.61752770134319,2.33601346538789,1.71866760839566,0.911724922618147,0.193239158573446,0.810585015565681
"555",1.62492194359693,2.40198000869298,1.73931541334735,0.914314885732532,0.137256820636478,0.799921415982107
"556",1.6331405759224,2.46954134467721,1.76004804584404,0.916080458775176,0.0796796900203658,0.789172988853539
"557",1.64298156112898,2.53838727399497,1.7803762382049,0.916223678936721,0.0208179660707302,0.778829001860794
"558",1.65504147460746,2.60800710677412,1.80008069201806,0.914147970826352,-0.0388176613403018,0.769108753415755
"559",1.66911134207451,2.67708819103664,1.82002198594738,0.910062308727427,-0.0979145402347084,0.759151664854558
"560",1.6847808018282,2.74411738427802,1.84133066792564,0.90437705434185,-0.154959528107967,0.747827188244408
"561",1.70163949216665,2.80758154399375,1.86513728588567,0.897502569371519,-0.208439482455575,0.734004775652504
"562",1.71927705138795,2.86596752767929,1.89257238776024,0.889849215518338,-0.256841260773003,0.716553879146051
"563",1.73741810444452,2.91809864857561,1.92435700679312,0.881692367829886,-0.298988176301198,0.69475346548129
"564",1.75632722290607,2.96414404290545,1.95957411747191,0.872767454736454,-0.335049365262924,0.669520560170623
"565",1.77640396499664,3.00460930263704,1.99689717959515,0.862674918014009,-0.365530419626391,0.642181703415496
"566",1.79804788894025,3.04000001973859,2.03499965296142,0.851015199438518,-0.390936931359819,0.614063435417347
"567",1.82165855296093,3.0708217861783,2.07255499736926,0.837388740785952,-0.411774492431417,0.586492296377628
"568",1.84753894692022,3.09770323490789,2.10844589124712,0.82149255219478,-0.428671735792883,0.560585607867881
"569",1.87560578722964,3.12176516281295,2.14239188754305,0.803409917253477,-0.442749458329828,0.536623816940071
"570",1.90567922193822,3.14425140776258,2.17432175783497,0.783320687913021,-0.455251497911341,0.514678152016268
"571",1.93757939909497,3.16640580762587,2.20416427370082,0.761404716124392,-0.467421692406511,0.494819841518541
"572",1.9711586198934,3.18918884502424,2.23197679160636,0.737809700694079,-0.480220524436762,0.476991528981114
"573",2.00639779810499,3.21242758158845,2.25833100756877,0.712554727850609,-0.493475055632857,0.460621518386825
"574",2.0433100006457,3.23566572370161,2.28392720249305,0.685626730678017,-0.506728992377895,0.445009528830666
"575",2.08190829443149,3.2584469777468,2.3094656572842,0.657012642260348,-0.519526041054969,0.429455279407633
"576",2.12220574637832,3.28031505010713,2.33564665284724,0.626699395681636,-0.531409908047178,0.413258489212717
"577",2.16401035017688,3.30090014127272,2.36306290937241,0.594878997251197,-0.542010793844647,0.395826438055662
"578",2.20630980661675,3.32017842816182,2.39187690419099,0.562563746179436,-0.551304875365627,0.376996648605203
"579",2.24788674326226,3.3382125817997,2.42214355391948,0.530971014902048,-0.559354823635393,0.356714204244831
"580",2.28752378767771,3.35506527321165,2.4539177751744,0.501318175854715,-0.566223309679225,0.334924188358031
"581",2.32400356742743,3.37079917342295,2.48725448457226,0.474822601473119,-0.5719730045224,0.311571684328288
"582",2.35625930700889,3.38546269761147,2.52203819107398,0.452551067259776,-0.576652323342807,0.286772183194689
"583",2.38382661865228,3.39904723756556,2.55747177301807,0.434967960984505,-0.580252657928772,0.261322806618716
"584",2.40639171152095,3.41152992922614,2.59258770108745,0.42238707348395,-0.582751144221233,0.236191083917451
"585",2.42364079477827,3.42288790853415,2.62641844596505,0.415122195594754,-0.584124918161127,0.212344544407975
"586",2.43526007758758,3.43309831143053,2.65799647833378,0.413487118153564,-0.58435111568939,0.190750717407363
"587",2.4414563609045,3.44216553443299,2.68664656532888,0.417275040204755,-0.583434133323733,0.172084835780378
"588",2.44451881285374,3.45020301636635,2.71286265989491,0.424196793623634,-0.581487409888969,0.155852946582467
"589",2.44725719335226,3.45735145663218,2.73743101142874,0.431442618493236,-0.578651644786683,0.141268800416758
"590",2.45248126231702,3.46375155463208,2.76113786932724,0.4362027548966,-0.57506753741846,0.127546147886376
"591",2.46300077966497,3.46954400976762,2.78476948298729,0.435667442916762,-0.570875787185886,0.113898739594444
"592",2.48080354300318,3.47486458580008,2.80893355713078,0.427848884946672,-0.566212157850221,0.0997188708190693
"593",2.50458950069904,3.47982930392939,2.83352361777971,0.414047132618936,-0.561192670611421,0.0851130155382584
"594",2.53223663881002,3.48454924971521,2.85825464628109,0.396384199876072,-0.555928411029118,0.0703661924049999
"595",2.56162294339361,3.48913550871715,2.88284162398193,0.376982100660596,-0.550530464662943,0.0557634200722773
"596",2.5906264005073,3.49369916649486,2.90699953222925,0.357962848915031,-0.545109917072527,0.0415897171930812
"597",2.61754471870123,3.49832898706581,2.93042271125687,0.341028736089218,-0.539755532275364,0.0281507435335733
"598",2.64235449649628,3.50302444827897,2.95272293684594,0.32620316366229,-0.534466788120402,0.0158347233126253
"599",2.66545205490597,3.50776270644114,2.9734913436644,0.313089810620711,-0.529220840914451,0.00505052186228808
"600",2.68723371494386,3.51252091785913,2.99231906638019,0.301292355950941,-0.523994846964322,-0.00379299548538853
"601",2.70809579762348,3.51727623883975,3.00879723966128,0.29041447863944,-0.518765962576826,-0.0102869633983543
