"","V1","V2","V3","V4","V5","V6"
"1",-0.91773993226955,-0.942856930004231,-0.919132073195361,-2.07691540373429,-2.0517984059996,-2.07552326280847
"2",-0.913096692703444,-0.936707620162483,-0.912777035571833,-2.07157759026561,-2.04796666280658,-2.07189724739723
"3",-0.908466912785583,-0.930560985900706,-0.906428700501382,-2.0662263171487,-2.04413224403358,-2.0682645294329
"4",-0.903768934140758,-0.924422190366622,-0.900089696145448,-2.06094324275875,-2.04028998653289,-2.06462248075406
"5",-0.898921098393761,-0.918296396707953,-0.89376265066547,-2.05581002547097,-2.03643472715678,-2.06096847319926
"6",-0.893861718756856,-0.912186962693438,-0.887449873876638,-2.0508883520731,-2.03256310813652,-2.05730019695332
"7",-0.888608994792207,-0.906090024575866,-0.881152402209139,-2.04616002300297,-2.02867899321931,-2.05361661558604
"8",-0.88320109764945,-0.899999913229043,-0.874870953746911,-2.04158686711095,-2.02478805153136,-2.04991701101349
"9",-0.877676198478225,-0.893910959526772,-0.86860624657389,-2.0371307132474,-2.02089595219886,-2.04620066515174
"10",-0.872072468428167,-0.887817494342858,-0.862358998774014,-2.03275339026268,-2.01700836434799,-2.04246685991684
"11",-0.866419292342723,-0.881714633343117,-0.856128569281514,-2.02842551331335,-2.01313017231296,-2.03871623637456
"12",-0.860710909840571,-0.875600631361411,-0.849908880431795,-2.02415284278073,-2.00926312125989,-2.0349548721895
"13",-0.854932774234196,-0.86947452802361,-0.843692495410557,-2.01994992535233,-2.00540817156291,-2.03119020417597
"14",-0.849070338836084,-0.863335362955588,-0.8374719774035,-2.01583130771566,-2.00156628359616,-2.02742966914825
"15",-0.84310905695872,-0.857182175783216,-0.831239889596322,-2.01181153655825,-1.99773841773375,-2.02368070392065
"16",-0.837039471590161,-0.851015160843104,-0.824990958315179,-2.00790006889203,-1.99392437963909,-2.01994858216701
"17",-0.830872484420751,-0.844839131314804,-0.818728562448048,-2.00408600302666,-1.99011935613261,-2.01622992499937
"18",-0.824624086816404,-0.838660055088607,-0.812458244023361,-2.00035334759624,-1.98631737932403,-2.01251919038928
"19",-0.818310270143032,-0.832483900054803,-0.80618554506955,-1.99668611123483,-1.98251248132306,-2.00881083630831
"20",-0.811947025766552,-0.82631663410368,-0.799916007615049,-1.99306830257654,-1.97869869423941,-2.00509932072804
"21",-0.805551369581217,-0.820162662661474,-0.793654844194784,-1.98948290572709,-1.97487161264684,-2.00137943111353
"22",-0.799144415594649,-0.814020141298192,-0.787405949369662,-1.98590880667889,-1.97103308097534,-1.99764727290387
"23",-0.792748302342811,-0.807885663119785,-0.781172888207086,-1.98232386689595,-1.96718650611897,-1.99389928103167
"24",-0.786385168361666,-0.801755821232205,-0.774959225774458,-1.97870594784232,-1.96333529497178,-1.99013189042952
"25",-0.780077152187175,-0.795627208741403,-0.768768527139179,-1.97503291098203,-1.9594828544278,-1.98634153603003
"26",-0.773850792290549,-0.78949735015229,-0.762601897916825,-1.97127821784388,-1.95563165998214,-1.9825271122176
"27",-0.767750226883982,-0.783367495565609,-0.75645060591566,-1.96739773021567,-1.95178046153404,-1.97869735118399
"28",-0.761823994114917,-0.777239826481061,-0.750303459492123,-1.96334290994996,-1.94792707758382,-1.97486344457275
"29",-0.756120632130795,-0.771116524398349,-0.744149267002652,-1.95906521889931,-1.94406932663175,-1.97103658402745
"30",-0.750688679079058,-0.764999770817175,-0.737976836803686,-1.95451611891627,-1.94020502717815,-1.96722796119164
"31",-0.745529555976867,-0.75889108591968,-0.731779349285419,-1.94969418898368,-1.93633265904087,-1.96344439567513
"32",-0.740456215320262,-0.752789344617768,-0.725567472973077,-1.94478647660551,-1.932453347308,-1.95967521895269
"33",-0.735234492475001,-0.746692760505782,-0.71935624842564,-1.94002714641599,-1.92856887838521,-1.95590539046536
"34",-0.729630222806842,-0.740599547178065,-0.713160716202088,-1.93565036304938,-1.92468103867815,-1.95211986965413
"35",-0.723483091893994,-0.734507568540849,-0.706992719009177,-1.93181644092745,-1.92079196428059,-1.94830681381226
"36",-0.716928186164468,-0.728413289747922,-0.700851308144754,-1.9283902936222,-1.91690519003874,-1.94446717164191
"37",-0.710174442258723,-0.722312826264961,-0.694732337054439,-1.92516298449317,-1.91302460048693,-1.94060508969745
"38",-0.70343079681722,-0.716202293557643,-0.688631659183851,-1.92192557689989,-1.90915408015947,-1.93672471453326
"39",-0.69690618648042,-0.710077807091643,-0.682545127978612,-1.91846913420192,-1.90529751359069,-1.93283019270372
"40",-0.69076050466912,-0.703937053223307,-0.676468005824669,-1.91463376297844,-1.90145721442425,-1.92892626182289
"41",-0.684957471925467,-0.69778400187165,-0.67039319086929,-1.91045574268732,-1.89762921274113,-1.92502002374349
"42",-0.679411765571946,-0.691624193846351,-0.664312990200069,-1.90602039600606,-1.89380796773165,-1.92111917137794
"43",-0.674038062931041,-0.685463169957093,-0.658219710904602,-1.90141304561219,-1.88998793858614,-1.91723139763863
"44",-0.668751041325236,-0.679306471013558,-0.652105660070482,-1.89671901418322,-1.88616358449489,-1.91336439543797
"45",-0.663469777944138,-0.673158611003078,-0.645965636919408,-1.89201922452954,-1.8823303914706,-1.90952336555427
"46",-0.658130949445836,-0.667019996623595,-0.639804409209484,-1.88737699999306,-1.8784879528153,-1.90570354022942
"47",-0.652675632355542,-0.6608900077507,-0.633629236832916,-1.88285126404858,-1.87463688865342,-1.90189765957121
"48",-0.647044903198467,-0.654768024259985,-0.62744737968191,-1.87850094017088,-1.87077781910936,-1.89809846368744
"49",-0.641179838499822,-0.648653426027042,-0.621266097648672,-1.87438495183475,-1.86691136430753,-1.8942986926859
"50",-0.635047507695083,-0.642545666149368,-0.615091395762201,-1.87053622960471,-1.86303807115043,-1.89049234153759
"51",-0.62871895186078,-0.636444490612076,-0.608924259598661,-1.86688373240424,-1.85915819365294,-1.88667842466636
"52",-0.622291204983708,-0.630349718622185,-0.602764419871008,-1.86333042624653,-1.85527191260806,-1.88285721135923
"53",-0.615861301050663,-0.624261169386712,-0.596611607292199,-1.8597792771448,-1.85137940880875,-1.87902897090327
"54",-0.609526274048438,-0.618178662112674,-0.59046555257519,-1.85613325111225,-1.84748086304801,-1.8751939725855
"55",-0.603362238994001,-0.612102331416444,-0.584325482904599,-1.85231623313191,-1.84357614070947,-1.87135298922131
"56",-0.597361635025,-0.606033573551806,-0.578188611351695,-1.84833578406614,-1.83966384553933,-1.86750880773944
"57",-0.591495982309257,-0.599974100181895,-0.572051647459409,-1.8442203837471,-1.83574226587447,-1.86366471859695
"58",-0.585736801014593,-0.59392562296985,-0.565911300770671,-1.83999851200699,-1.83180969005173,-1.85982401225091
"59",-0.58005561130883,-0.587889853578807,-0.559764280828414,-1.83569864867798,-1.827864406408,-1.85598997915839
"60",-0.574409228307473,-0.581867933898736,-0.553608435332344,-1.83136397864456,-1.82390527305329,-1.85216477161969
"61",-0.568695646916774,-0.575858726726937,-0.547446164609271,-1.82709650700048,-1.81993342719032,-1.84834598930798
"62",-0.562798156990667,-0.569860525087542,-0.54128100714278,-1.82301294389181,-1.81595057579494,-1.8445300937397
"63",-0.55660004838309,-0.563871622004682,-0.535116501416457,-1.81922999946461,-1.81195842584302,-1.84071354643124
"64",-0.550028530221693,-0.557889917034278,-0.528956007629987,-1.81582046459123,-1.80795907777865,-1.83689298718294
"65",-0.543186488728996,-0.551911735859402,-0.522802172847442,-1.81268145304915,-1.80395620591875,-1.83306576893071
"66",-0.536220729401233,-0.545933010694912,-0.516657465848997,-1.80966615934214,-1.79995387804846,-1.82922942289438
"67",-0.529278057734639,-0.539949673755667,-0.510524355414821,-1.80662777797396,-1.79595616195293,-1.82538148029377
"68",-0.52250527922545,-0.533957657256527,-0.504405310325088,-1.80341950344837,-1.79196712541729,-1.82151947234873
"69",-0.516002660921515,-0.5279539473016,-0.498301939812565,-1.79994106871753,-1.78798978233744,-1.81764178982648
"70",-0.509684316077147,-0.52193974555199,-0.492212414920405,-1.79627836052712,-1.78402293105228,-1.81375026168386
"71",-0.503417819498276,-0.515917307558049,-0.486134047144356,-1.79256380407121,-1.78006431601144,-1.80984757642513
"72",-0.497070745990831,-0.509888888870131,-0.480064147980166,-1.78892982454388,-1.77611168166458,-1.80593642255455
"73",-0.490510670360739,-0.503856745038588,-0.474000028923584,-1.7855088471392,-1.77216277246135,-1.80201948857635
"74",-0.483659721369614,-0.497822682912773,-0.467939257850407,-1.78237874309555,-1.76821578155239,-1.79809920661475
"75",-0.476658243601806,-0.491786714538037,-0.461880428156632,-1.77939916782858,-1.76427069689235,-1.79417698327375
"76",-0.469701135597351,-0.485748403258733,-0.455822389618305,-1.77637522279826,-1.76032795513688,-1.7902539687773
"77",-0.462983295896281,-0.479707312419209,-0.449763992011472,-1.77311200946455,-1.75638799294162,-1.78633131334936
"78",-0.456699623038632,-0.473663005363819,-0.443704085112177,-1.76941462928742,-1.75245124696224,-1.78241016721388
"79",-0.45097436396547,-0.467615117237856,-0.437641957111573,-1.76515883532581,-1.74851808205342,-1.77849124217971
"80",-0.445649159221982,-0.46156357039039,-0.43157864986123,-1.76050298703452,-1.74458857586611,-1.77457349639527
"81",-0.44049499775439,-0.455508358971434,-0.425515643627822,-1.75567609546734,-1.74066273425029,-1.77065544959391
"82",-0.435282868508913,-0.449449477131001,-0.419454418678024,-1.75090717167804,-1.73674056305595,-1.76673562150893
"83",-0.429783760431771,-0.443386919019104,-0.413396455278511,-1.7464252267204,-1.73282206813307,-1.76281253187366
"84",-0.423833779166591,-0.437320834587217,-0.407342749346097,-1.74239415495081,-1.72890709953018,-1.7588851847713
"85",-0.417529497146624,-0.43125199699266,-0.401292359398143,-1.738717383936,-1.72499488408996,-1.75495452168448
"86",-0.411032603502527,-0.425181335194215,-0.395243859602147,-1.73523322454532,-1.72108449285363,-1.7510219684457
"87",-0.404504787364958,-0.419109778150663,-0.389195824125608,-1.73177998764811,-1.71717499686241,-1.74708895088746
"88",-0.398107737864576,-0.413038254820787,-0.383146827136027,-1.72819598411372,-1.71326546715751,-1.74315689484227
"89",-0.391969143405956,-0.406968467402737,-0.377096166315151,-1.72435352553756,-1.70935420154078,-1.73922650262836
"90",-0.386080689489348,-0.400905211052145,-0.371046033401728,-1.72026092641939,-1.70543640485659,-1.73529558250701
"91",-0.380400060888919,-0.394854054164012,-0.364999343648756,-1.71596050198504,-1.70150650870995,-1.73136121922521
"92",-0.374884942378839,-0.38882056513334,-0.358959012309233,-1.71149456746035,-1.69755894470584,-1.72742049752995
"93",-0.369493200686052,-0.382809018918272,-0.352927475153274,-1.70690525611836,-1.69358943788614,-1.72347098165114
"94",-0.364183430348615,-0.376818516729511,-0.346905250019461,-1.70223397342102,-1.68959888704012,-1.71951215375017
"95",-0.358914407857361,-0.370846866340905,-0.340892375263497,-1.6975219428775,-1.68558948439395,-1.71554397547136
"96",-0.353644909703124,-0.3648918755263,-0.33488888924108,-1.69281038799696,-1.68156342217378,-1.711566408459
"97",-0.348333712376737,-0.358951352059543,-0.328894830307911,-1.68814053228857,-1.67752289260576,-1.70757941435739
"98",-0.342949048893703,-0.353023023985815,-0.322910105849109,-1.68354414273682,-1.67347016764471,-1.70358308578142
"99",-0.337496978368185,-0.347104300435642,-0.316934099367457,-1.67901516022756,-1.66940783816011,-1.69957803922829
"100",-0.331993016439018,-0.341192510810885,-0.310966063395158,-1.67453806912196,-1.66533857475009,-1.69556502216582
"101",-0.326452678745035,-0.335284984513405,-0.305005250464412,-1.67009735378116,-1.66126504801279,-1.69154478206179
"102",-0.320891480925068,-0.329379050945064,-0.299050913107421,-1.66567749856635,-1.65718992854636,-1.687518066384
"103",-0.315318149830078,-0.323472357317637,-0.293102438530821,-1.66126977662657,-1.65311556913901,-1.68348548792582
"104",-0.309714257159545,-0.317563822082563,-0.287159752638977,-1.65689261626232,-1.64904305133931,-1.67944712078289
"105",-0.304054585825074,-0.311652681501194,-0.28122291601069,-1.65257123456202,-1.6449731388859,-1.6754029043764
"106",-0.298313918738272,-0.305738171834883,-0.275291989224759,-1.64833084861404,-1.64090659551743,-1.67135277812756
"107",-0.292467038810745,-0.299819529344982,-0.269367032859984,-1.6441966755068,-1.63684418497256,-1.66729668145756
"108",-0.286496903093091,-0.293896347161312,-0.263448428809085,-1.64018575818967,-1.63278631412145,-1.66323423247368
"109",-0.28041916519187,-0.287969645887566,-0.257537844220464,-1.63628244305612,-1.62873196236042,-1.65916376402752
"110",-0.274257652852636,-0.282040802995906,-0.251637267556441,-1.63246290236057,-1.62467975221731,-1.65508328765677
"111",-0.26803619382094,-0.276111195958491,-0.245748687279338,-1.62870330835749,-1.62062830621994,-1.6509908148991
"112",-0.261778615842334,-0.270182202247482,-0.239874091851476,-1.62497983330132,-1.61657624689618,-1.64688435729218
"113",-0.255507774195995,-0.264255022478254,-0.234014538586988,-1.62126962191289,-1.61252237363063,-1.64276285752189
"114",-0.249242634295606,-0.25833014983903,-0.228167360207258,-1.6175537087785,-1.60846619323508,-1.63862898286685
"115",-0.243001189088474,-0.252407900661247,-0.222328958285478,-1.61381410095085,-1.60440738937808,-1.63448633175385
"116",-0.236801431521906,-0.24648859127634,-0.216495734394846,-1.61003280548265,-1.60034564572821,-1.63033850260971
"117",-0.230661354543211,-0.240572538015748,-0.210664090108554,-1.60619182942656,-1.59628064595403,-1.62618909386122
"118",-0.224591069523133,-0.23466012813955,-0.204831158422629,-1.60228106141187,-1.59221200279545,-1.62204097251237
"119",-0.218569161526161,-0.228752032622402,-0.198996998024426,-1.59832191637406,-1.58813904527782,-1.6178940798758
"120",-0.212566334040221,-0.222848993367604,-0.193162399024131,-1.59434369082523,-1.58406103149784,-1.61374762584132
"121",-0.206553290553242,-0.216951752278455,-0.187328151531929,-1.59037568127743,-1.57997721955222,-1.60960082029874
"122",-0.200512055356942,-0.21106074907656,-0.181494887462572,-1.58643586343895,-1.57588716971933,-1.60545303133332
"123",-0.19446993595822,-0.205175214756736,-0.175662605949073,-1.5824969298029,-1.57179165100438,-1.60130425981204
"124",-0.188465560667769,-0.199294078132108,-0.169831147929013,-1.57852025205857,-1.56769173459423,-1.59715466479733
"125",-0.182537557796278,-0.193416268015799,-0.164000354339969,-1.57446720189529,-1.56358849167577,-1.5930044053516
"126",-0.176724555654442,-0.187540713220931,-0.158170066119523,-1.57029915100235,-1.55948299343586,-1.58885364053727
"127",-0.171042343471656,-0.181667177464461,-0.15233972182703,-1.56600031015036,-1.55537547615755,-1.58470293179498
"128",-0.165415354152138,-0.175798764078676,-0.146507150508959,-1.5616462464351,-1.55126283650856,-1.58055445007828
"129",-0.159745181518814,-0.169939411299698,-0.140669778833555,-1.55733536603365,-1.54714113625276,-1.5764107687189
"130",-0.153933419394605,-0.164093057363645,-0.134825033469066,-1.55316607512308,-1.54300643715404,-1.57227446104862
"131",-0.147881661602436,-0.15826364050664,-0.128970341083738,-1.54923677988047,-1.53885480097627,-1.56814810039917
"132",-0.141532535294296,-0.152453800312885,-0.123104075055312,-1.54560485315383,-1.53468358813524,-1.56403331339282
"133",-0.134992800938432,-0.14666098175892,-0.117228395599522,-1.54216353447492,-1.53049535365443,-1.55992793981383
"134",-0.128410252332158,-0.140881331169366,-0.111346409641595,-1.53876503004642,-1.52629395120921,-1.55582887273698
"135",-0.121932683272787,-0.135110994868846,-0.105461224106761,-1.53526154607101,-1.52208323447495,-1.55173300523704
"136",-0.115707887557632,-0.129346119181981,-0.0995759459202476,-1.53150528875139,-1.51786705712704,-1.54763723038878
"137",-0.109845714596205,-0.123583344923994,-0.0936932631689479,-1.52738640867804,-1.51364877835025,-1.5435388601053
"138",-0.10430423624681,-0.117821290872511,-0.0878141885864094,-1.52294683399266,-1.50942977936696,-1.53943688165306
"139",-0.0990035799799488,-0.112059070295757,-0.0819393160678437,-1.51826643722475,-1.50521094690894,-1.53533070113685
"140",-0.0938638732661241,-0.106295796461958,-0.0760692395084621,-1.51342509090379,-1.50099316770796,-1.53121972466146
"141",-0.0888052435758383,-0.10053058263934,-0.0702045528034763,-1.5085026675593,-1.4967773284958,-1.52710335833167
"142",-0.0837582662399431,-0.0947630817038279,-0.06434588646806,-1.50356859186042,-1.49256377639654,-1.52298097163231
"143",-0.0786953080306867,-0.0889951049621332,-0.058494017497236,-1.4986504970349,-1.48835070010346,-1.51885178756835
"144",-0.0735991835806671,-0.0832290033286676,-0.0526497595059897,-1.49376556845015,-1.48413574870215,-1.51471499252482
"145",-0.0684527075224818,-0.0774671277178416,-0.046813926109306,-1.48893099147355,-1.4799165712782,-1.51056977288673
"146",-0.0632386944887286,-0.0717118290440661,-0.0409873309221704,-1.48416395147253,-1.47569081691719,-1.50641531503909
"147",-0.0579423072223092,-0.0659653461062805,-0.0351702798559547,-1.47947928570417,-1.4714562468202,-1.50225131307053
"148",-0.052558100907341,-0.0602294692415373,-0.0293610480075775,-1.47488243898437,-1.46721107065017,-1.49807949188413
"149",-0.0470829788382453,-0.0545058766714177,-0.0235574027703444,-1.47037650801869,-1.46295361018551,-1.49390208408659
"150",-0.0415138443094435,-0.0487962466175029,-0.0177571115375608,-1.46596458951271,-1.45868218720465,-1.48972132228459
"151",-0.0358476006153569,-0.043102257301374,-0.011957941702532,-1.46164978017202,-1.454395123486,-1.48553943908485
"152",-0.0300865531252644,-0.0374245163267407,-0.00615828086065849,-1.45742977462734,-1.45009181142586,-1.48135804689194
"153",-0.024254615507875,-0.0317593488258267,-0.000358997415720035,-1.45328065920995,-1.445775925892,-1.4771762773021
"154",-0.0183811035067555,-0.0261020093129849,0.005438420026408,-1.44917311817629,-1.44145221237006,-1.47299264170946
"155",-0.0124953328654724,-0.0204477523025674,0.0112324828598509,-1.4450778357828,-1.43712541634571,-1.46880565150812
"156",-0.00662323491233963,-0.0147924254111114,0.0170219247559577,-1.44096888070116,-1.43279969020238,-1.46461404036945
"157",-0.000777203314661158,-0.00913424866389434,0.022806368494973,-1.43683385926406,-1.42847681391483,-1.46041743107369
"158",0.00503375267551214,-0.0034720351883777,0.0285856591343657,-1.43266376221946,-1.42415797435557,-1.45621566867831
"159",0.0108006238061294,0.00219540188797687,0.0343596417316049,-1.4284495803153,-1.41984435839714,-1.45200859824077
"160",0.0165144008251391,0.00786924943770717,0.0401281613441588,-1.42418230429953,-1.4155371529121,-1.44779606481855
"161",0.0221688727272012,0.0135500163179423,0.0458911949537738,-1.41985572316681,-1.41123686675756,-1.44357804539339
"162",0.0277690214938178,0.0192354993241739,0.0516492472393051,-1.41547481889866,-1.40694129672901,-1.43935504464414
"163",0.0333226273532013,0.0249228172364841,0.0574029548038849,-1.41104737172326,-1.40264756160655,-1.43512769917395
"164",0.0388374705335646,0.0306090888349553,0.0631529542506456,-1.40658116186885,-1.39835278017024,-1.43089664558593
"165",0.0443213312631206,0.03629143289967,0.0688998821827199,-1.40208396956363,-1.39405407120018,-1.42666252048323
"166",0.049784901283958,0.0419675508729589,0.0746440584735507,-1.39756648654969,-1.38974913613869,-1.42242564373928
"167",0.0552505183936712,0.0476374748461479,0.0803845360778256,-1.39305105062463,-1.3854380070771,-1.41818506830878
"168",0.0607434319037305,0.0533018195728117,0.0861200512205431,-1.38856291109991,-1.38112129876899,-1.41393953041672
"169",0.0662888911256065,0.0589611998065249,0.0918493401267014,-1.38412731728701,-1.37679962596793,-1.4096877662881
"170",0.0719121453707696,0.0646162303008623,0.0975711390212992,-1.3797695184974,-1.37247360342749,-1.40542851214793
"171",0.0776260994899602,0.0702675739686472,0.103284337106511,-1.37550241958181,-1.3681438940605,-1.40116065719836
"172",0.0833942804909997,0.0759160863596997,0.108988435493214,-1.37128954754807,-1.36381135341677,-1.39688370255029
"173",0.0891678709209796,0.0815626711830893,0.114683088269465,-1.36708208494328,-1.35947688520539,-1.39259730229176
"174",0.0948980533269908,0.0872082321478845,0.120367949523317,-1.36283121431451,-1.35514139313541,-1.38830111051084
"175",0.100536010256125,0.0928536729631549,0.126042673342825,-1.35848811820887,-1.3508057809159,-1.38399478129557
"176",0.106059112451856,0.098499828478308,0.131707108661274,-1.35403016736982,-1.34647088339628,-1.37967816357924
"177",0.111549483443187,0.104147258104105,0.137361883792865,-1.34953948532638,-1.3421372599873,-1.37535188567606
"178",0.117115434955503,0.109796452391647,0.14300782189703,-1.34512438380392,-1.33780540124006,-1.37101677074545
"179",0.122865278714191,0.115447901892034,0.1486457461332,-1.34089317452783,-1.33347579770567,-1.36667364194684
"180",0.128907326444636,0.121102097156366,0.154276479660805,-1.3369541692235,-1.32914893993523,-1.36232332243967
"181",0.135296928820515,0.126758759278494,0.159900729443621,-1.3333627185646,-1.32482454902258,-1.35796651918771
"182",0.141877592308667,0.13241453152328,0.165518737662799,-1.32996232901798,-1.32049926823259,-1.35360347437211
"183",0.148439862324223,0.138065287698335,0.171130630303833,-1.32654354599876,-1.31616897137287,-1.34923431397837
"184",0.154774284282313,0.143706901611272,0.176736533352216,-1.32289691492207,-1.31182953225103,-1.34485916399197
"185",0.160720229861158,0.149336326894271,0.182336366658865,-1.31886180746614,-1.30747790449925,-1.34047794426385
"186",0.166312375791349,0.15495483647779,0.187929225536379,-1.31447290036155,-1.30311536104799,-1.33608975010658
"187",0.171634225066563,0.160564783116857,0.193513999162779,-1.30981369660199,-1.29874425465228,-1.33169347069821
"188",0.176769280680482,0.166168519566498,0.199089576716087,-1.30496769918113,-1.29436693806715,-1.32728799521674
"189",0.181801045626785,0.171768398581742,0.204654847374323,-1.30001841109266,-1.28998576404762,-1.3228722128402
"190",0.186802370916407,0.177366214313129,0.210209153056617,-1.2950386833475,-1.28560252674423,-1.31844546548772
"191",0.191803499629298,0.18296152649326,0.215753646646526,-1.29005875902562,-1.28121678588958,-1.31400890604285
"192",0.196824022862663,0.188553336250248,0.221289933768715,-1.28509822922421,-1.27682754261179,-1.30956414013026
"193",0.201883531713708,0.194140644712207,0.22681962004785,-1.28017668504048,-1.27243379803898,-1.30511277337462
"194",0.207001617279638,0.199722453007252,0.232344311108596,-1.27531371757163,-1.26803455329924,-1.30065641140059
"195",0.212195286072689,0.205297931748031,0.237865258345432,-1.27052633332991,-1.26362897900525,-1.29619630560265
"196",0.217471206265227,0.21086692948533,0.243382296232094,-1.26582120048767,-1.25921692370777,-1.29173229045453
"197",0.222833461444645,0.216429464254471,0.248894905012131,-1.26120240263231,-1.25479840544213,-1.28726384619979
"198",0.228286135198342,0.221985554090772,0.254402564929092,-1.25667402335123,-1.25037344224366,-1.28279045308198
"199",0.233833311113712,0.227535217029555,0.259904756226528,-1.25224014623182,-1.24594205214767,-1.27831159134464
"200",0.239473779952152,0.233078452752113,0.265401456757332,-1.24789956203549,-1.24150423483545,-1.27382723884067
"201",0.245185161171067,0.238615187523625,0.27089463481178,-1.24362989021963,-1.23705991657218,-1.26933936386034
"202",0.250939781401861,0.244145329255244,0.276386756289495,-1.23940345741564,-1.23260900526903,-1.26485043230328
"203",0.256709967275937,0.249668785858122,0.281880287090098,-1.23519259025494,-1.22815140883713,-1.2603629100691
"204",0.262468045424701,0.255185465243411,0.28737769311321,-1.23096961536893,-1.22368703518764,-1.25587926305744
"205",0.268188505403638,0.26069522379568,0.292880702184735,-1.22670902231309,-1.21921574070513,-1.25140121909419
"206",0.273854488464549,0.266197711793154,0.298388089835705,-1.22239395233923,-1.21473717566783,-1.24692755371038
"207",0.279451298783319,0.271692527987478,0.303897893523435,-1.21800970962322,-1.21025093882738,-1.24245630436333
"208",0.284964240535831,0.277179271130294,0.309408150705238,-1.21354159834095,-1.20575662893542,-1.23798550851036
"209",0.290378617897967,0.282657539973244,0.31491689883843,-1.20897492266831,-1.20125384474359,-1.23351320360878
"210",0.295692136912845,0.288127197957693,0.320422133350957,-1.20430738864842,-1.19674244969326,-1.22903738508653
"211",0.300952111092519,0.293589167283896,0.32592168155329,-1.19958630979331,-1.19222336598469,-1.22455588025408
"212",0.306218255816278,0.29904463484183,0.331413328726534,-1.1948714014823,-1.18769778050785,-1.22006647439255
"213",0.31155028646341,0.30449478752147,0.336894860151794,-1.19022237909465,-1.18316688015271,-1.21556695278304
"214",0.316992449108391,0.309940898254711,0.342364538939279,-1.18568348870486,-1.17863193785118,-1.21105557853574
"215",0.322527112606433,0.315384584141119,0.347822539515615,-1.18123709916812,-1.17409457070281,-1.2065325260773
"216",0.328121176507934,0.320827548322177,0.353269514136537,-1.17685011003485,-1.16955648184909,-1.20199844766345
"217",0.333741540363293,0.32627149393937,0.358706115057776,-1.17248942085543,-1.1650193744315,-1.19745399554991
"218",0.339355103722908,0.331718124134178,0.364132994535065,-1.16812193118027,-1.16048495159154,-1.19289982199242
"219",0.344932041516674,0.337168364656706,0.369550679119611,-1.16371781593926,-1.15595413907929,-1.18833645354219
"220",0.350455630192465,0.342620031691523,0.374959192544513,-1.15926035158027,-1.15142475307933,-1.18376391393232
"221",0.355912421577653,0.34807016403182,0.380358432838347,-1.15473608993068,-1.14689383238485,-1.17918210119138
"222",0.361288967499607,0.353515800470785,0.385748298029686,-1.15013158281786,-1.14235841578904,-1.17459091334794
"223",0.366571819785699,0.35895397980161,0.391128686147103,-1.14543338206918,-1.13781554208509,-1.16999024843058
"224",0.371752429807002,0.364382184096853,0.396499723034479,-1.1406329390557,-1.13326269334555,-1.16538023228318
"225",0.376841847109404,0.369799668546559,0.401862445796908,-1.13574130332333,-1.12869912476048,-1.16076190201083
"226",0.381856020782491,0.375206131620141,0.407218119354792,-1.13077442396164,-1.12412453479929,-1.15613652253394
"227",0.386810899915854,0.380601271787013,0.412568008628531,-1.12574825006023,-1.11953862193138,-1.1515053587729
"228",0.391722433599081,0.38598478751659,0.417913378538527,-1.12067873070868,-1.11494108462619,-1.14686967564812
"229",0.396608298595352,0.391356645215647,0.423255599726476,-1.11558354267017,-1.11033188929047,-1.14223084380129
"230",0.401493082362201,0.396717883040402,0.428596465719264,-1.11048727340224,-1.10571207408044,-1.13759065675931
"231",0.406403100030757,0.402069807084436,0.433937875765073,-1.10541623803602,-1.1010829450897,-1.13295101377034
"232",0.411364666732143,0.40741372344133,0.439281729112083,-1.10039675170263,-1.09644580841182,-1.12831381408257
"233",0.416404097597488,0.412750938204662,0.444629925008477,-1.0954551295332,-1.09180197014038,-1.12368095694419
"234",0.421542869958965,0.418082605473337,0.44998385883614,-1.0906128488599,-1.08715258437427,-1.11905383773708
"235",0.426783109952943,0.423409271367549,0.455342910511773,-1.0858720358191,-1.08249819723371,-1.11443183637793
"236",0.432122105916839,0.428731330012817,0.460705956085778,-1.08122997874822,-1.0778392028442,-1.10981382891716
"237",0.437557146188069,0.434049175534659,0.46607187160856,-1.07668396598468,-1.07317599533127,-1.10519869140517
"238",0.443085519104053,0.439363202058592,0.471439533130522,-1.07223128586588,-1.06850896882042,-1.10058529989235
"239",0.44870283218335,0.444673951075968,0.476807528826471,-1.0678675459104,-1.06383866480302,-1.09597224255353
"240",0.454397969669105,0.449982553541469,0.482173295368832,-1.06358163036138,-1.05916621423375,-1.09135695606111
"241",0.460158134985603,0.45529028777561,0.48753398155443,-1.05936074264311,-1.05449289543311,-1.08673658921193
"242",0.465970531557133,0.460598432098905,0.492886736180093,-1.05519208617986,-1.04981998672163,-1.08210829080282
"243",0.471818028311827,0.465907583757529,0.49822934778872,-1.05105852989978,-1.04514808534548,-1.07746984937667
"244",0.477666156193199,0.471215615700291,0.503562163907506,-1.04692560474637,-1.04047506425346,-1.07282161246068
"245",0.483476111648604,0.476519719801657,0.508886171809719,-1.042754507167,-1.03579811532005,-1.06816456732812
"246",0.489209091125403,0.481817087936097,0.514202358768626,-1.03850643360902,-1.03111443041972,-1.06349970125225
"247",0.494826291070951,0.487104911978076,0.519511712057494,-1.03414258051979,-1.02642120142692,-1.05882800150634
"248",0.500300182923594,0.492380976756577,0.524815337464011,-1.02963541933766,-1.02171621317064,-1.05415057387808
"249",0.50564833808562,0.497645438918623,0.530114814833535,-1.02500252146491,-1.01699962229791,-1.04946899821282
"250",0.510899602950302,0.502899048065754,0.535411842525844,-1.02027273329482,-1.01227217841027,-1.04478497287036
"251",0.516082823910915,0.508142553799507,0.540708118900716,-1.01547490122065,-1.00753463110924,-1.04010019621045
"252",0.521226847360734,0.51337670572142,0.54600534231793,-1.0106378716357,-1.00278772999638,-1.03541636659289
"253",0.526352871730546,0.518602211533988,0.551304505318555,-1.00578284297073,-0.998032182774172,-1.03073447655874
"254",0.531451503601202,0.523819611343534,0.556603777168829,-1.00090042180661,-0.993268529548942,-1.02605269537424
"255",0.536505701591067,0.529029403357337,0.561900621316282,-0.995973566761699,-0.98849726852797,-1.02136848648691
"256",0.541498424318504,0.534232085782678,0.567192501208444,-0.99098523645436,-0.983718897918534,-1.0166793133443
"257",0.546412630401879,0.539428156826836,0.572476880292844,-0.985918389502958,-0.978933915927915,-1.01198263939392
"258",0.551239178278774,0.544618064800828,0.577751375151516,-0.980763884345077,-0.974142770867131,-1.00727608121782
"259",0.55600052566365,0.549802058430621,0.58301421490451,-0.975544178695176,-0.969345711462148,-1.00255786793604
"260",0.560727030090184,0.554980336545921,0.58826378180638,-0.970289630086934,-0.964542936542672,-0.997826381803131
"261",0.565449049092055,0.560153097976433,0.593498458111681,-0.965030596054029,-0.959734644938407,-0.993080005073655
"262",0.570196940202941,0.565320541551861,0.598716626074966,-0.959797434130139,-0.954921035479059,-0.988317120002163
"263",0.575002158430307,0.570482966115544,0.603917465087193,-0.954621599322728,-0.950102407007965,-0.983536905979614
"264",0.57990054867676,0.57564107056535,0.609103343084941,-0.949538936534405,-0.945279458422995,-0.978741730942586
"265",0.584929053318696,0.580795653812783,0.614277425141191,-0.944586388141564,-0.940452988635651,-0.97393475996406
"266",0.590124614732508,0.585947514769342,0.619442876328926,-0.9398008965206,-0.935623796557434,-0.969119158117018
"267",0.59552417529459,0.591097452346531,0.624602861721126,-0.935219404047905,-0.930792681099846,-0.964298090474441
"268",0.601137203062266,0.596245869948963,0.629759953179384,-0.930851378780805,-0.925960045667502,-0.959474128897923
"269",0.606863268816583,0.601391588953701,0.634914349719731,-0.926596391500345,-0.921124711637464,-0.954647472403494
"270",0.612574469019515,0.60653303523092,0.640065657146808,-0.922326538668501,-0.916285104879907,-0.949817726795795
"271",0.618142900133038,0.611668634650794,0.645213481265257,-0.917913916747247,-0.911439651265003,-0.944984497879466
"272",0.62347430089781,0.616797116586971,0.650357330040182,-0.913264264477244,-0.906587080166404,-0.940147293619615
"273",0.628608979169226,0.621918424426998,0.655496320078553,-0.908417889713883,-0.901727334971655,-0.93530523062321
"274",0.633620885081362,0.627032805061896,0.660629470147803,-0.903448742591242,-0.896860662571776,-0.930457327657684
"275",0.638583968768295,0.632140505382684,0.665755799015366,-0.898430773243399,-0.891987309857788,-0.925602603490469
"276",0.643572180364102,0.637241772280384,0.670874325448673,-0.893437931804429,-0.887107523720712,-0.920740076889001
"277",0.648641205911454,0.642336911605168,0.675984556437681,-0.888525904317005,-0.882221610010719,-0.915869254843232
"278",0.653773675087401,0.647426465043811,0.681087951862422,-0.883677320458176,-0.877330110414586,-0.910991597233198
"279",0.658933953477588,0.652511033242243,0.686186459825453,-0.878856545813587,-0.872433625578242,-0.906109052161452
"280",0.664086406667659,0.657591216846392,0.691282028429327,-0.874027945968881,-0.867532756147614,-0.90122356773055
"281",0.669195400243259,0.662667616502185,0.696376605776601,-0.869155886509705,-0.86262810276863,-0.896337092043046
"282",0.67423857800404,0.667740631709689,0.701471538122955,-0.86421801123571,-0.857720064941359,-0.891450971354625
"283",0.679246696605689,0.672809857385525,0.706565764336584,-0.859245076802583,-0.852808237582419,-0.886564144533478
"284",0.6842637909179,0.677874687300453,0.71165762143881,-0.854281118080017,-0.84789201446257,-0.881674948600926
"285",0.689333895810368,0.68293451522523,0.716745446450952,-0.849370169937708,-0.842970789352571,-0.876781720578292
"286",0.694501046152786,0.687988734930618,0.721827576394333,-0.844556267245349,-0.838043956023181,-0.871882797486897
"287",0.699790899610543,0.693036860735139,0.726902593041296,-0.83986506766833,-0.833111028792927,-0.866976761099083
"288",0.705155605031808,0.698078889148381,0.731970057168272,-0.835248720054819,-0.828172004171392,-0.862063172191283
"289",0.710528934060443,0.703114937227697,0.737029774302717,-0.830640996048678,-0.823226999215931,-0.857141836290952
"290",0.715844658340312,0.708145122030438,0.742081549972085,-0.82597566729377,-0.818276130983896,-0.852212558925542
"291",0.721036549515275,0.713169560613957,0.747125189703828,-0.821186505433957,-0.813319516532639,-0.84727514562251
"292",0.726058745418005,0.718188490866024,0.752160692432086,-0.816227648301911,-0.80835739374993,-0.842329595315991
"293",0.73094684863641,0.723202633996081,0.757188830717722,-0.811134698485539,-0.80339048384521,-0.837376680566851
"294",0.735756827947205,0.728212832043986,0.762210570528285,-0.805963624761558,-0.798419628858338,-0.832417367342637
"295",0.740544652127108,0.733219927049598,0.767226877831324,-0.800770395906685,-0.793445670829174,-0.8274526216109
"296",0.745366289952835,0.738224761052776,0.772238718594386,-0.795610980697634,-0.788469451797576,-0.822483409339185
"297",0.75026523266203,0.743228040051041,0.777246849605139,-0.790528870372053,-0.783491677761065,-0.817510487315163
"298",0.755235061336054,0.748229925872559,0.782251190931736,-0.785517646011301,-0.778512510547806,-0.812533775606982
"299",0.760256879517195,0.753230444303156,0.787251453462446,-0.780558411157666,-0.773531975943627,-0.807552985102917
"300",0.765311790747742,0.758229621128661,0.792247348085542,-0.775632269353436,-0.768550099734355,-0.802567826691235
"301",0.770380898569983,0.7632274821349,0.797238585689294,-0.770720324140901,-0.763566907705818,-0.797578011260212
"302",0.775446483064657,0.768223784922386,0.802224950686067,-0.765804855600798,-0.758582157458527,-0.792583323222208
"303",0.7804955304663,0.773217214350369,0.807206521584592,-0.760872849967665,-0.753594533851734,-0.787583841085958
"304",0.785516203547903,0.778206187092784,0.812183450417698,-0.755912470014491,-0.748602453559373,-0.782579716884287
"305",0.790496665082452,0.783189119823568,0.817155889218209,-0.750911878514263,-0.74360433325538,-0.777571102650021
"306",0.795427356923191,0.788164675955323,0.822123877083942,-0.745861517320226,-0.738598836352358,-0.772558037480977
"307",0.80030783724439,0.793132505855327,0.82708700137268,-0.740760944606649,-0.733585613217586,-0.767540108734939
"308",0.805139943300574,0.798092506629528,0.832044736507197,-0.735611997628057,-0.728564560957011,-0.76251679083468
"309",0.809925512346269,0.80304457538387,0.83699655691027,-0.730416513638976,-0.723535576676577,-0.757487558202976
"310",0.814666381636001,0.807988609224301,0.841941937004671,-0.725176329893931,-0.718498557482231,-0.752451885262601
"311",0.819366936517561,0.81292474575402,0.84688069324435,-0.719895831740715,-0.713453640977174,-0.747409588467503
"312",0.82404175471181,0.81785408456524,0.85181401020795,-0.714589596900188,-0.708401926753618,-0.742361852396328
"313",0.828707962032877,0.82277796574743,0.856743414505291,-0.709274751186478,-0.70334475490103,-0.737310203658892
"314",0.833382684294887,0.827697729390054,0.861670432746189,-0.703968420413712,-0.698283465508879,-0.732256168865014
"315",0.838083047311969,0.832614715582581,0.866596591540463,-0.698687730396017,-0.693219398666629,-0.727201274624512
"316",0.842822182473716,0.837529860130531,0.87152274021799,-0.693445812522987,-0.688153490179802,-0.722146370267261
"317",0.847597243471591,0.842442481703642,0.876447018988876,-0.688239820486087,-0.683085058718137,-0.717089596003371
"318",0.852401389572526,0.847351494687704,0.881366890783288,-0.683062913552245,-0.678013018667423,-0.712028414763007
"319",0.857227780043451,0.852255813468511,0.886279818531392,-0.677908250988394,-0.672936284413453,-0.706960289476335
"320",0.862069574151296,0.857154352431852,0.891183265163353,-0.672768992061462,-0.667853770342018,-0.70188268307352
"321",0.866921342719385,0.86204623334285,0.896075196720191,-0.667639707594775,-0.66276459821824,-0.696793561595581
"322",0.871783302796619,0.866931407483954,0.900955591686327,-0.662520614637232,-0.657668719324567,-0.69169290352694
"323",0.876657082988292,0.87181003351694,0.905824931657039,-0.657413341794129,-0.652566292322776,-0.686581190462875
"324",0.881544311899699,0.876682270103588,0.910683698227601,-0.65231951767076,-0.647457475874648,-0.681458903998662
"325",0.886446618136134,0.881548275905676,0.915532372993291,-0.647240770872418,-0.64234242864196,-0.676326525729575
"326",0.891365483606958,0.886408237182817,0.920371455420833,-0.642178583308466,-0.637221336884326,-0.671184555122341
"327",0.896301803437801,0.891262450585971,0.925201516462758,-0.637133850104533,-0.632094497252702,-0.666033563129489
"328",0.901256326058362,0.896111240363928,0.930023144943046,-0.632107319690316,-0.626962233995883,-0.660874138575
"329",0.906229799898336,0.900954930765482,0.934836929685677,-0.627099740495514,-0.62182487136266,-0.655706870282854
"330",0.911222973387422,0.905793846039424,0.939643459514629,-0.622111860949824,-0.616682733601826,-0.650532347077031
"331",0.916231794498198,0.910628298894357,0.944442994109123,-0.617139629025824,-0.611536133421983,-0.645350828636748
"332",0.921233009374771,0.915458555878116,0.949234476569329,-0.61215979086762,-0.606385337370966,-0.640161258062178
"333",0.926198563704128,0.920284871998346,0.954016520850656,-0.607144292162201,-0.601230600456419,-0.634962249308729
"334",0.931100403173258,0.925107502262691,0.958787740908514,-0.602065078596554,-0.596072177685988,-0.62975241633181
"335",0.935917816703718,0.929926573215904,0.963547444054476,-0.596901439092238,-0.590910195604424,-0.624531066442996
"336",0.940659466155346,0.934741697551165,0.968297711024779,-0.59166203550909,-0.585744266904909,-0.619300280378523
"337",0.945341356622547,0.939552359498764,0.973041315911822,-0.586362872941515,-0.580573875817732,-0.61406283223079
"338",0.949979493199731,0.944358043288991,0.977781032808006,-0.581019956483922,-0.575398506573182,-0.608821496092197
"339",0.954589880981303,0.949158233152134,0.982519635805731,-0.575649291230718,-0.570217643401548,-0.603579046055146
"340",0.959188431176263,0.953952605958772,0.987259052458241,-0.570266788390901,-0.56503096317341,-0.598337409672879
"341",0.963790679451973,0.958741609140642,0.991997824162155,-0.564887983631835,-0.559838913320504,-0.593095128342017
"342",0.96841206759039,0.963525882769774,0.996733645774934,-0.559528318735476,-0.554642133914859,-0.58784989692002
"343",0.97306803737347,0.968306066918193,1.00146421215404,-0.554203235483779,-0.549441265028502,-0.582599410264351
"344",0.977774030583167,0.973082801657929,1.00618721815694,-0.5489281756587,-0.544236946733461,-0.577341363232471
"345",0.982543152095843,0.977856470684752,1.01090048541697,-0.543716244136598,-0.539029562725508,-0.572073577457731
"346",0.987379159165472,0.982626432189414,1.01560234267105,-0.538571198171451,-0.533818471195393,-0.566794381677025
"347",0.992283472140437,0.987391787986406,1.02029124543193,-0.53349445811164,-0.528602773957609,-0.561502231403137
"348",0.997257511369117,0.992151639890223,1.02496564921242,-0.528487444305544,-0.52338157282665,-0.55619558214885
"349",1.00230269719989,0.99690508971536,1.0296240095253,-0.523551577101545,-0.51815396961701,-0.550872889426946
"350",1.00741507130198,1.00165111282285,1.03426592054533,-0.518682898168852,-0.512918939689725,-0.545533747412203
"351",1.01256916062789,1.0063881787599,1.03889553109528,-0.51385593445999,-0.507674952591994,-0.540182304927374
"352",1.01773411345099,1.01111463062024,1.04351812865989,-0.509039834248309,-0.502420351417557,-0.534823849457207
"353",1.02287907804462,1.01582881149761,1.04813900072391,-0.504203745807163,-0.497153479260157,-0.529463668486453
"354",1.02797320268213,1.02052906448577,1.05276343477209,-0.499316817409902,-0.491872679213534,-0.524107049499857
"355",1.03299039515466,1.02521470399766,1.05739555200266,-0.49435295684765,-0.486577265690649,-0.518758113695653
"356",1.0379236013244,1.02988892972313,1.06203480846779,-0.489305109982613,-0.481270438381349,-0.513416317126005
"357",1.04277052657133,1.03455591267126,1.06667949393312,-0.484170982194767,-0.4759563682947,-0.508079949556561
"358",1.04752887627543,1.03921982385111,1.07132789816431,-0.478948278864088,-0.47063922643977,-0.502747300752971
"359",1.05219635581667,1.04388483427174,1.075978310927,-0.473634705370555,-0.465323183825624,-0.497416660480882
"360",1.05677580597031,1.04855387758429,1.08062912745663,-0.468233102489418,-0.4600111741034,-0.492086423975741
"361",1.0612906090927,1.05322493800817,1.08527916486786,-0.46276685257703,-0.454701181492504,-0.48675540835219
"362",1.06576928293546,1.05789476240486,1.08992734574511,-0.457264473385018,-0.449389952854417,-0.481422536194669
"363",1.07024034525023,1.06256009763584,1.09457259267284,-0.451754482665012,-0.444074235050617,-0.476086730087618
"364",1.0747326148493,1.06721793828286,1.099213753794,-0.44626569922931,-0.43875102266286,-0.47074683817401
"365",1.07927611478766,1.07186626980879,1.10384937948571,-0.440828146132892,-0.433418301154014,-0.465401410830942
"366",1.08390116918096,1.07650332539678,1.10847794568359,-0.435472147491414,-0.428074303707228,-0.460048923994046
"367",1.08863810214485,1.08112733822997,1.11309792832328,-0.430228027420527,-0.422717263505649,-0.454687853598952
"368",1.09351723779498,1.08573654149152,1.11770780334039,-0.425126110035883,-0.417345413732423,-0.44931667558129
"369",1.0985502081707,1.09032997419335,1.12230673539994,-0.420178027376823,-0.411957793399469,-0.443934554606065
"370",1.10367387700608,1.09490989866244,1.12689664408444,-0.415320643177426,-0.406556664833788,-0.438543410255785
"371",1.10880641595889,1.09947938305458,1.13148013770576,-0.410472129095457,-0.40114509619115,-0.433145850842326
"372",1.11386599668689,1.10404149552553,1.13605982457578,-0.405550656788684,-0.395726155627326,-0.427744484677572
"373",1.11877079084785,1.10859930423107,1.14063831300638,-0.40047439791487,-0.390302911298087,-0.4223419200734
"374",1.12346063548923,1.11315533646658,1.14521751744616,-0.395183189521466,-0.384877890498824,-0.416940071478402
"375",1.12796202921718,1.11770995608594,1.14979657689054,-0.389703530214647,-0.379451457083402,-0.411538077888008
"376",1.13232313602759,1.12226298608262,1.15437393647167,-0.384083583990273,-0.374023434045309,-0.406134384434359
"377",1.13659211991629,1.12681424945012,1.15894804132168,-0.378371514844204,-0.368593644378028,-0.400727436249594
"378",1.14081714487916,1.13136356918191,1.16351733657272,-0.372615486772298,-0.363161911075046,-0.395315678465855
"379",1.14504143408634,1.13591081795078,1.16808076845619,-0.3668587229447,-0.357728106809137,-0.389898057314546
"380",1.14928844740512,1.14045606714665,1.17263928760055,-0.361124683228697,-0.352292302970236,-0.384475523424131
"381",1.15357670387705,1.14499943783876,1.17719434573353,-0.355431886665859,-0.346854620627564,-0.379049528522337
"382",1.15792472254373,1.14954105109632,1.18174739458286,-0.34979885229776,-0.341415180850346,-0.373621524336892
"383",1.16235102244672,1.15408102798855,1.18629988587627,-0.34424409916597,-0.335974104707803,-0.368192962595523
"384",1.16686716612077,1.15861949736791,1.19085296830069,-0.338779189805245,-0.330531521052387,-0.362764991985169
"385",1.17145689007337,1.16315661921976,1.19540657837991,-0.333387860723068,-0.325087589869463,-0.357337549029612
"386",1.17609697430519,1.1676925613127,1.19996034959692,-0.328046891920109,-0.319642478927625,-0.351910267211844
"387",1.18076419881689,1.17222749141532,1.20451391543471,-0.322733063397035,-0.314196355995467,-0.34648278001486
"388",1.18543534360914,1.17676157729621,1.20906690937628,-0.317423155154514,-0.308749388841583,-0.341054720921651
"389",1.1900870911677,1.18129502067625,1.213618518969,-0.312093849678291,-0.303301779186845,-0.33562527747959
"390",1.1946957339186,1.18582815908542,1.21816614801774,-0.306721439394414,-0.297853864561237,-0.33019185349356
"391",1.19923746677297,1.19036136400598,1.22270675439178,-0.301282119214011,-0.292406016447022,-0.324751406832823
"392",1.20368848464194,1.1948950069202,1.22723729596038,-0.295752084048206,-0.286958606326463,-0.319300895366642
"393",1.20803542387825,1.19942909785061,1.23175543397068,-0.290117970249742,-0.281511644222103,-0.313837980342168
"394",1.21230668660111,1.20396220098089,1.23626164318139,-0.284408179937819,-0.276063694317607,-0.308363136518102
"395",1.21654111637132,1.20849251903498,1.2407571017291,-0.278661556673255,-0.270612959336921,-0.302877542031035
"396",1.2207775567497,1.21301825473683,1.24524298775039,-0.272916944016865,-0.26515764200399,-0.297382375017555
"397",1.22505485129708,1.21753761081038,1.24972047938187,-0.267213185529466,-0.25969594504276,-0.291878813614253
"398",1.22940195270803,1.22204911554234,1.25419100478834,-0.261579233905633,-0.254226396739946,-0.286368285985943
"399",1.23380825021215,1.22655259947051,1.2586569922475,-0.256004478374976,-0.248748827633345,-0.28085322041033
"400",1.23825324217281,1.23104821869547,1.26312112006529,-0.250468417300861,-0.243263393823521,-0.27533629519334
"401",1.24271642695338,1.23553612931776,1.26758606654762,-0.244950549046658,-0.237770251411041,-0.269820188640903
"402",1.24717730291723,1.24001648743797,1.27205451000044,-0.239430371975732,-0.232269556496471,-0.264307579058946
"403",1.25162041911038,1.2444892981173,1.27652822135439,-0.233892435134104,-0.226761314141024,-0.25880023737811
"404",1.25605052730945,1.24895396225957,1.28100534203893,-0.228341490298398,-0.221244925248515,-0.253296305027882
"405",1.26047742997372,1.25340972972923,1.28548310610829,-0.222787339927892,-0.215719639683407,-0.247793016062462
"406",1.26491092956247,1.25785585039077,1.28995874761665,-0.217239786481862,-0.210184707310162,-0.242287604536049
"407",1.26936082853496,1.26229157410862,1.29442950061822,-0.211708632419584,-0.204639377993243,-0.236777304502841
"408",1.27383641946922,1.26671662730509,1.29889254769776,-0.206203170319067,-0.199083378154938,-0.231259298547604
"409",1.27834495541818,1.27113264263377,1.30334486556229,-0.200730653233242,-0.193518340448834,-0.225730563377361
"410",1.28289317955348,1.27554172930605,1.30778337944941,-0.19529782433377,-0.187946374086345,-0.220188024229701
"411",1.2874878350468,1.27994599653337,1.3122050145967,-0.189911426792315,-0.182369588278884,-0.214628606342214
"412",1.2921356650698,1.28434755352713,1.31660669624175,-0.184578203780536,-0.176790092237863,-0.209049234952486
"413",1.29683415742223,1.2887479125429,1.32098640934901,-0.179295643098187,-0.171209398218863,-0.203447895024976
"414",1.3015437784162,1.29314619801295,1.32534637779042,-0.174024211057383,-0.165626630654131,-0.197826810431603
"415",1.30621573899192,1.29754093741368,1.32968988516475,-0.168715118598329,-0.160040317020085,-0.192189264771158
"416",1.3108012500896,1.30193065822151,1.3340202150708,-0.163319576661227,-0.154448984793139,-0.186538541642427
"417",1.31525152264943,1.30631388791286,1.33834065110735,-0.157788796186286,-0.14885116144971,-0.180877924644202
"418",1.31953740156198,1.3106894316871,1.34265409546014,-0.15209362206406,-0.14324565218918,-0.175210315962218
"419",1.32370826751921,1.31505720563549,1.3469619246627,-0.14628343498651,-0.137632373102795,-0.169537092130004
"420",1.32783313516342,1.31941740357224,1.35126513383551,-0.140427249595951,-0.132011518004769,-0.163859248268037
"421",1.33198101913694,1.32377021931157,1.35556471809904,-0.134594080534693,-0.126383280709317,-0.158177779496793
"422",1.33620269296793,1.32811565768581,1.35986132659958,-0.128834701330905,-0.120747666048783,-0.152493334962548
"423",1.34047596572796,1.33245296759983,1.36415422458656,-0.123126921056161,-0.11510392292803,-0.146805179914759
"424",1.34476040537447,1.33678120897663,1.36844233133526,-0.117430307667891,-0.109451111270054,-0.141112233628683
"425",1.34901557986488,1.34109944173921,1.37272456612093,-0.111704429123526,-0.103788290997849,-0.135413415379577
"426",1.35320105715663,1.34540672581054,1.37699984821883,-0.105908853380495,-0.0981145220344102,-0.129707644442695
"427",1.35729778068781,1.34970253920453,1.38126765006566,-0.1000245238769,-0.0924292823936244,-0.123994393254751
"428",1.36137219581922,1.35398803229863,1.38552965674397,-0.0941178859735306,-0.086733722452944,-0.118275346898282
"429",1.36551212339231,1.35826477356118,1.38978810649775,-0.0882767605118522,-0.0810294106807159,-0.112552743617287
"430",1.36980538424856,1.36253433146052,1.394045237571,-0.0825889683333272,-0.0753179155452847,-0.106828821655759
"431",1.37433979922943,1.36679827446501,1.39830328820771,-0.0771423302794185,-0.0696008055149953,-0.101105819257693
"432",1.37916509428402,1.37105866648818,1.40256434742182,-0.0719865722992249,-0.0638801445033867,-0.0953858254370314
"433",1.38417861579195,1.37531955322434,1.40682990730707,-0.0670190407723854,-0.0581599782047698,-0.0896703322874979
"434",1.38923961524052,1.37958547581299,1.41110131072711,-0.0620989871861743,-0.0524448477586491,-0.0839606826727621
"435",1.39420734411698,1.38386097539365,1.41537990054561,-0.0570856630278651,-0.0467392943045285,-0.0782582194564934
"436",1.39894105390863,1.38815059310581,1.41966701962626,-0.0518383197847313,-0.0410478589819113,-0.0725642855023603
"437",1.40333760682886,1.39245716690665,1.4239632325294,-0.0462538196701872,-0.0353733797479722,-0.0668794453707307
"438",1.40744430799565,1.39677672202401,1.42826599060221,-0.040379467802201,-0.0297118818305594,-0.061201150408756
"439",1.41134607325311,1.40110358050342,1.43257196688851,-0.034300180024882,-0.0240576872751919,-0.0555260736602863
"440",1.41512781844534,1.40543206439039,1.43687783443217,-0.0281008721823379,-0.0184051181273874,-0.0498508881691707
"441",1.41887445941646,1.40975649573044,1.44118026627704,-0.0218664601186763,-0.0127484964326637,-0.0441722669792576
"442",1.42266258274167,1.41407171254016,1.44547634836865,-0.0156735304091182,-0.00708266020760069,-0.0384872960360991
"443",1.42653545792066,1.41837461672035,1.44976481825938,-0.00956535255332474,-0.00140451135301757,-0.0327947128920492
"444",1.43052802518418,1.4226626261429,1.45404482640327,-0.0035768667820704,0.00428853225920436,-0.0270936680011649
"445",1.43467522476301,1.4269331586797,1.45831552325439,0.00225698667387257,0.00999905275718569,-0.0213833118175014
"446",1.43901199688793,1.43118363220262,1.46257605926678,0.00790126758372915,0.0157296322690443,-0.0156627947951164
"447",1.44355957490409,1.43541228679661,1.46682581528724,0.0133347426023499,0.0214820307098232,-0.00993149778080113
"448",1.44828436461413,1.43962065139896,1.4710650937335,0.0185910059270782,0.0272547191422564,-0.00418972319229015
"449",1.45313906493511,1.44381107715999,1.47529442741604,0.0237173586408798,0.0330453464159996,0.0015619961599456
"450",1.45807637478405,1.44798591523006,1.47951434914533,0.028761101826721,0.0388515613807093,0.00732312746543553
"451",1.46304899307797,1.4521475167595,1.48372539173183,0.0337695365675676,0.0446710128860413,0.0130931379137087
"452",1.46800615137416,1.45629852532975,1.48792825168245,0.0387934313061553,0.0505010573505724,0.0188713309978682
"453",1.4728832117908,1.46044275424654,1.49212428028978,0.0438974239242958,0.0563378814685592,0.0246563554253108
"454",1.4776120690863,1.4645843092467,1.49631499254287,0.049149619663568,0.062177379503176,0.0304466962070044
"455",1.4821246180191,1.46872729606705,1.50050190343073,0.0546181237655528,0.0680154457176,0.0362408383539196
"456",1.48637431390711,1.47287539911987,1.50468627231027,0.0603494809123196,0.0738483956995589,0.0420375225091534
"457",1.4904008543063,1.47703061751921,1.50886833600988,0.0663039935478982,0.0796742303349936,0.0478365118443196
"458",1.49426549733217,1.48119452905458,1.51304807572582,0.0724204035568056,0.0854913718343948,0.0536378251631575
"459",1.49802950110019,1.4853687115155,1.51722547265434,0.0786374528235613,0.0912982424082559,0.0594414812694089
"460",1.50175412372585,1.48955474269146,1.52140050799172,0.084893883232684,0.0970932642670696,0.0652474989668152
"461",1.5054835991767,1.49375335230923,1.52557270565079,0.0911454608166064,0.102875707684077,0.0710563543425206
"462",1.50919406482866,1.49796187784457,1.5297397604108,0.0974160481994188,0.108648235183517,0.0768703526172842
"463",1.51284463390973,1.50217680871048,1.53389890976759,0.103746532153126,0.114414357352377,0.0826922562952683
"464",1.5163944196479,1.50639463431999,1.538047391217,0.110177799449732,0.120177584777645,0.0885248278806359
"465",1.51980253527117,1.5106118440861,1.54218244225486,0.116750736861243,0.12594142804631,0.0943708298775501
"466",1.52305768374019,1.51482513446,1.54630204697487,0.123476641426998,0.131709190707191,0.10023227819232
"467",1.52626692694629,1.51903203004553,1.55040717586212,0.130248451255676,0.137483348156435,0.106108202339843
"468",1.52956691651345,1.52323026248472,1.55449954599958,0.136929514723288,0.143266168752022,0.111996885237162
"469",1.53309430406567,1.52741756341959,1.55858087447019,0.143383180205848,0.149059920851931,0.117896609801322
"470",1.53698574122692,1.53159166449215,1.56265287835693,0.149472796079371,0.154866872814143,0.123805658949368
"471",1.54132268671776,1.53575115156152,1.56671756546118,0.155116903623309,0.160688438779553,0.129722024879893
"472",1.54596582764496,1.53989802735512,1.57077810645815,0.160454815730886,0.166522616020727,0.1356425369177
"473",1.55072065821186,1.54403514881747,1.57483796274148,0.165681038198766,0.17236654759315,0.14156373366914
"474",1.55539267262179,1.54816537289309,1.57890059570483,0.170990076823613,0.178217376552307,0.147482153740567
"475",1.55978736507809,1.5522915565265,1.58296946674185,0.176576437402089,0.184072245953679,0.153394335738331
"476",1.56377641891225,1.55641593562503,1.58704706209941,0.182568436602707,0.189928919889918,0.159297793415546
"477",1.56749627396837,1.56053826194739,1.59113196743736,0.188829634581362,0.19578764660234,0.165193941112374
"478",1.57114955921871,1.56465766621508,1.59522179326877,0.195157402365797,0.201649295369426,0.171085168315732
"479",1.57493890363553,1.56877327914962,1.59931415010674,0.201349110983754,0.20751473546966,0.176973864512543
"480",1.57906693619108,1.57288423147254,1.60340664846433,0.207202131462974,0.213384836181521,0.182862419189726
"481",1.58366993162321,1.57699101405002,1.6074967220676,0.212580189065629,0.219259106638813,0.188753398621239
"482",1.58861874773202,1.581099558327,1.61158109749442,0.217612425991594,0.225131615396611,0.194650076229189
"483",1.59371788808322,1.58521715589308,1.61565632453567,0.222494338675171,0.230995070865312,0.200555902222718
"484",1.5987718562425,1.58935109833785,1.61971895298219,0.227421423550665,0.23684218145531,0.20647432681097
"485",1.60362418242406,1.59350614933431,1.6237663246901,0.232550150403881,0.242668183493635,0.212408008137845
"486",1.60827450343608,1.59767696088887,1.62779894977645,0.237880882426636,0.248478424973849,0.218356436086267
"487",1.61276148273525,1.60185565709135,1.63181813042358,0.243374956162247,0.254280781806146,0.224318308473918
"488",1.61712378377824,1.60603436203155,1.63582516881379,0.248993708154033,0.260083129900723,0.230292323118479
"489",1.62140007002173,1.61020519979927,1.63982136712941,0.254698474945313,0.265893345167774,0.236277177837633
"490",1.62561708929362,1.61436184076434,1.64380880078362,0.260462508708197,0.271717757237484,0.242270797218204
"491",1.62975392690663,1.6185041404166,1.647792638113,0.266306724129967,0.277556510620004,0.248268012923596
"492",1.63377775254468,1.62263350052591,1.65177882068502,0.272263951526694,0.283408203545469,0.254262883386352
"493",1.6376557358917,1.62675132286213,1.65577329006713,0.278367021214451,0.289271434244019,0.260249467039021
"494",1.64135504663162,1.63085900919513,1.65978198782678,0.284648763509311,0.295144800945793,0.266221822314147
"495",1.64486730563322,1.63495813740491,1.66380924171112,0.291117557542484,0.301026725770797,0.272175621464587
"496",1.64828193850476,1.63905098981197,1.66785292418605,0.297683977705721,0.306914926398505,0.27811299202443
"497",1.65171282203935,1.64314002484699,1.67190929389718,0.304234147205911,0.312806944398261,0.284037675348076
"498",1.65527383303009,1.64722770094062,1.67597460949011,0.310654189249945,0.318700321339409,0.289953412789925
"499",1.6590788482701,1.65131647652352,1.68004512961043,0.316830227044711,0.324592598791291,0.295863945704378
"500",1.66320322154919,1.65540773891708,1.68411686229473,0.322686906800396,0.330482389432503,0.301773266054858
"501",1.66756821464397,1.65949859100571,1.68818481314347,0.32830296674039,0.336372590378657,0.307686368240889
"502",1.67205656632776,1.66358506456452,1.69224373714812,0.333795668091377,0.342267169854616,0.313608497271021
"503",1.67655101537387,1.66766319136867,1.69628838930011,0.339282272080046,0.348170096085245,0.319544898153804
"504",1.68093430055561,1.67172900319329,1.70031352459091,0.34488003993308,0.354085337295407,0.325500815897786
"505",1.68511659797629,1.6757796620497,1.70431550486746,0.350678795547176,0.360015731473771,0.331479888656007
"506",1.68911783305919,1.67981685089402,1.70829711939877,0.356658613499052,0.365959595664221,0.337479327159474
"507",1.69298536855759,1.68384338291858,1.71226276430934,0.362772131035434,0.371914116674443,0.343494735283685
"508",1.69676656722475,1.68786207131568,1.71621683572366,0.36897198540305,0.377876481312123,0.349521716904137
"509",1.70050879181395,1.69187572927763,1.72016372976625,0.375210813848624,0.383843876384949,0.355555875896326
"510",1.70426003488038,1.6958867596445,1.72410816980144,0.381440623816969,0.389813899052855,0.361592488895905
"511",1.70807080818689,1.69989592384736,1.72805618815298,0.387610903545235,0.395785787884764,0.367625523579143
"512",1.71199225329825,1.70390357296506,1.73201414438444,0.393670511468656,0.401759191801844,0.373648620382461
"513",1.71607551177921,1.70791005807641,1.7359883980594,0.399568306022469,0.407733759725267,0.379655419742281
"514",1.72035315573987,1.71191526574142,1.73998351110266,0.40527171509659,0.413709605095037,0.385641359733795
"515",1.72478347947156,1.71591722444473,1.74399685488397,0.410822444399672,0.419688699426501,0.391609068987267
"516",1.72930620781096,1.71991349815217,1.74802400313428,0.416280769095051,0.425673478753842,0.397562973771732
"517",1.73386106559472,1.72390165082954,1.75206052958456,0.421706964346062,0.431666379111241,0.403507500356221
"518",1.73838777765952,1.72787924644268,1.75610200796579,0.42716130531604,0.437669836532883,0.409447075009771
"519",1.74284304164584,1.73184470297274,1.76014406300953,0.432687094364501,0.443685433037598,0.415386073000807
"520",1.74725144640943,1.73579985446229,1.76418252344978,0.438259742635684,0.449711334582826,0.421328665595336
"521",1.75165455360989,1.73974738896924,1.76821326902113,0.443837688470004,0.455744853110652,0.427278973058756
"522",1.75609392490678,1.7436899945515,1.7722321794582,0.449379370207882,0.461783300563164,0.433241115656466
"523",1.76061112195971,1.74763035926699,1.77623513449558,0.454843226189735,0.46782398888245,0.439219213653866
"524",1.76522540805149,1.75157099891708,1.78021951057773,0.460209993132727,0.473864402267139,0.445215890606485
"525",1.76986685295799,1.75551374027697,1.78418867098863,0.465549601261005,0.479902713942028,0.45122778323037
"526",1.77444322807831,1.75946023786532,1.78814747572207,0.470954279175464,0.485937269388453,0.457250031531699
"527",1.77886230481155,1.76341214620079,1.7921007847719,0.476516255476997,0.491966414087755,0.463277775516649
"528",1.78303185455683,1.76737111980205,1.79605345813193,0.482327758766499,0.497988493521272,0.469306155191398
"529",1.78688623269852,1.77133813137878,1.80000931778423,0.488454433659582,0.504002534979325,0.475331348573873
"530",1.79046613056214,1.7753114264047,1.80396803366387,0.494855588830741,0.510010292988182,0.481353685729008
"531",1.79383882345846,1.77928856854456,1.80792823769417,0.501463948969189,0.516014203883092,0.487374534733488
"532",1.79707158669829,1.78326712146313,1.81188856179843,0.508212238764141,0.522016703999306,0.493395263663998
"533",1.8002316955924,1.78724464882513,1.81584763789999,0.515033182904808,0.528020229672074,0.499417240597222
"534",1.80339340513995,1.79121843593728,1.81980422816479,0.521852526392032,0.534027495594703,0.505441703367194
"535",1.8066588890936,1.79518465467403,1.8237576157294,0.528568095473165,0.540042329892731,0.511469368837356
"536",1.81013730089435,1.79913919855179,1.82770721397304,0.535070736707185,0.546068839049748,0.517500823628496
"537",1.81393779398324,1.80307796108697,1.83165243627491,0.541251296653071,0.552111129549348,0.523536654361405
"538",1.81816952180129,1.80699683579597,1.83559269601422,0.547000621869801,0.558173307875124,0.529577447656872
"539",1.82289866627062,1.81089261269311,1.83952716633244,0.552252530435243,0.564258584012754,0.535624030373424
"540",1.82801952323783,1.81476566778438,1.84345405942011,0.557112726502811,0.570366581956263,0.541678190320529
"541",1.83338341703061,1.81861727357366,1.84737134723003,0.561729885744809,0.57649602920176,0.54774195554539
"542",1.83884167197666,1.82244870256484,1.85127700171499,0.56625268383354,0.582645653245357,0.55381735409521
"543",1.8442399444995,1.82626229732395,1.8551692879127,0.570835464345467,0.588813111521026,0.559906120932274
"544",1.84940121940605,1.83006468066556,1.85904764320055,0.575655242473696,0.594991781214191,0.566008818679196
"545",1.85414281359903,1.83386354546638,1.86291179804085,0.580894701315495,0.60117396944814,0.572125716873671
"546",1.85828204398117,1.83766658460314,1.86676148289591,0.586736523968127,0.607351983346158,0.578257085053395
"547",1.86163622745521,1.84148149095254,1.87059642822802,0.593363393528862,0.613518130031533,0.584403192756062
"548",1.86411237806533,1.84531388548193,1.87441710891323,0.600868295953519,0.619666788536919,0.590563565105628
"549",1.86597629842149,1.84916110152119,1.87822697748254,0.60898542863214,0.625800625532444,0.596734749571089
"550",1.86758348827509,1.85301840049081,1.88203023088071,0.617359291813318,0.6319243795976,0.6029125492077
"551",1.86928944737753,1.8568810438113,1.88583106605247,0.625634385745651,0.638042789311882,0.609092767070716
"552",1.87144967548023,1.86074429290318,1.88963367994257,0.633455210677733,0.644160593254783,0.615271206215394
"553",1.87433309503401,1.86460393650583,1.89344152177127,0.640552844158721,0.650282002686903,0.621444417421467
"554",1.8778623192875,1.86845787263425,1.89725504986093,0.647004672940014,0.656409119593258,0.627611942366579
"555",1.88187338418872,1.87230452662232,1.90107397480943,0.652974661073568,0.662543518639968,0.633774070452853
"556",1.88620232568572,1.87614232380391,1.90489800721465,0.658626772611345,0.668686774493154,0.639931091082413
"557",1.89068517972654,1.8799696895129,1.90872685767446,0.664124971605303,0.674840461818938,0.646083293657381
"558",1.8951839768762,1.88378560037437,1.91255968547448,0.669607227490415,0.681005603992245,0.652231518892136
"559",1.89966472616768,1.88759123817817,1.91639344465131,0.675107531233713,0.687181019223223,0.658378812750083
"560",1.90411943125093,1.89138833600535,1.92022453792929,0.680633879185242,0.693364974430822,0.664528772506881
"561",1.9085400957759,1.89517862693695,1.92404936803276,0.686194267695048,0.699555736533996,0.670684995438192
"562",1.91291872339255,1.89896384405403,1.92786433768605,0.691796693113177,0.705751572451695,0.676851078819675
"563",1.91724499596105,1.90274621551018,1.93166608078144,0.697451473579445,0.711950254030318,0.683030388759059
"564",1.92149930818252,1.90652994974923,1.93545215588293,0.703178214392756,0.71814757282605,0.689225366692341
"565",1.92565973296827,1.91031975028753,1.93922035272247,0.70899884264178,0.72433882532252,0.695438222887585
"566",1.92970434322964,1.91412032064147,1.94296846103197,0.714935285415193,0.73051930800336,0.701671167612856
"567",1.93361121187794,1.91793636432741,1.94669427054339,0.721009469801665,0.736684317352197,0.707926411136216
"568",1.93737454357249,1.92177106196775,1.95039768156901,0.72722719114189,0.74283067274663,0.714204053145367
"569",1.94105306996451,1.92562150260904,1.9540870367426,0.733529717784643,0.74896128514012,0.720495751006554
"570",1.94472165445322,1.92948325240384,1.95777278927828,0.739842186330718,0.755080588380095,0.726791051505658
"571",1.9484551604378,1.93335187750473,1.96146539239015,0.74608973338091,0.761193016313983,0.733079501428562
"572",1.95230892544788,1.93722296219399,1.96517300767599,0.752217021405609,0.767302984659493,0.739352939177499
"573",1.95626018353468,1.9410921632728,1.96889463026815,0.758246816353584,0.773414836615467,0.745612369620114
"574",1.96026664287984,1.94495515567201,1.97262696368263,0.764221410043203,0.779532897251029,0.751861089240405
"575",1.96428601166499,1.94880761432252,1.97636671143545,0.770183094292831,0.785661491635301,0.758102394522369
"576",1.96827599807176,1.95264521415519,1.98011057704259,0.776174160920834,0.791804944837408,0.764339581950005
"577",1.97220860382406,1.95646545847588,1.98385543211656,0.782222608203308,0.79796575355149,0.770575779910809
"578",1.97611300481487,1.96027316409037,1.98759882065586,0.78829926024728,0.804139100971772,0.776813444406283
"579",1.98003267047942,1.96407497617943,1.99133845475549,0.794360647617499,0.810318341917493,0.783054863341428
"580",1.98401107025297,1.9678775399238,1.99507204651045,0.800363300878724,0.816496831207896,0.789302324621245
"581",1.98809167357077,1.97168750050425,1.99879730801574,0.806263750595708,0.822667923662221,0.795558116150735
"582",1.99229778418055,1.97550990524502,2.00251285812508,0.812038693020699,0.828826571956234,0.80182361907617
"583",1.9965720430801,1.97934341004423,2.00622094272713,0.817745487155928,0.834974120191802,0.808096587508894
"584",2.00083692557969,1.98318507294349,2.00992471446928,0.823461657691116,0.841113510327314,0.814373868801525
"585",2.00501490698959,1.98703195198442,2.0136273259989,0.829264729315987,0.847247684321161,0.820652310306678
"586",2.00902846262009,1.99088110520862,2.01733192996339,0.835232226720264,0.853379584131733,0.826928759376971
"587",2.01282695711814,1.99473028855698,2.02104091727693,0.84141478525699,0.859511453818157,0.8332008250982
"588",2.01646731247742,1.9985800495674,2.02475363192102,0.847755482932489,0.865642745842512,0.839469163488895
"589",2.02003334002828,2.00243163367707,2.02846865614392,0.854170508416404,0.871772214767611,0.845735192300765
"590",2.02360885110108,2.00628628632319,2.03218457219394,0.860576050378379,0.877898615156272,0.852000329285522
"591",2.02727765702618,2.01014525294293,2.03589996231936,0.866888297488058,0.88402070157131,0.858265992194877
"592",2.0310952786273,2.01400933942968,2.03961357857378,0.873051728921714,0.890137668119332,0.86453342897524
"593",2.03500407470165,2.01787759350166,2.04332485223196,0.879123985882138,0.896250467082128,0.87080320835183
"594",2.03891811353981,2.02174862333329,2.04703338437401,0.885191000078754,0.90236049028528,0.877075729244563
"595",2.04275146343236,2.02562103709897,2.05073877607999,0.891338703220983,0.908469129554371,0.883351390573359
"596",2.04641819266987,2.02949344297314,2.05444062842999,0.897653027018247,0.914577776714983,0.889630591258134
"597",2.04985219151473,2.03336471152976,2.05813898399096,0.904200081208168,0.920687561193134,0.895913288731936
"598",2.05306663811651,2.03723476294108,2.06183565127736,0.910966687641166,0.926798562816594,0.90219767448032
"599",2.05609453259659,2.04110377977889,2.06553288029049,0.917919846195862,0.932910599013565,0.908481498501965
"600",2.05896887507635,2.04497194461498,2.06923292103167,0.925026556750875,0.939023487212251,0.914762510795557
"601",2.06172266567718,2.04883944002115,2.07293802350223,0.932253819184826,0.945137044840857,0.921038461359774
